pokemon_id,pokemon_name,species_id,height,weight,type_1_name,type_2_name,attack,defense,hp,special-attack,special-defense,speed
1,bulbasaur,1,7,69,grass,poison,49.0,49.0,45.0,65.0,65.0,45.0
2,ivysaur,2,10,130,grass,poison,62.0,63.0,60.0,80.0,80.0,60.0
3,venusaur,3,20,1000,grass,poison,82.0,83.0,80.0,100.0,100.0,80.0
4,charmander,4,6,85,fire,,52.0,43.0,39.0,60.0,50.0,65.0
5,charmeleon,5,11,190,fire,,64.0,58.0,58.0,80.0,65.0,80.0
6,charizard,6,17,905,fire,flying,84.0,78.0,78.0,109.0,85.0,100.0
7,squirtle,7,5,90,water,,48.0,65.0,44.0,50.0,64.0,43.0
8,wartortle,8,10,225,water,,63.0,80.0,59.0,65.0,80.0,58.0
9,blastoise,9,16,855,water,,83.0,100.0,79.0,85.0,105.0,78.0
10,caterpie,10,3,29,bug,,30.0,35.0,45.0,20.0,20.0,45.0
11,metapod,11,7,99,bug,,20.0,55.0,50.0,25.0,25.0,30.0
12,butterfree,12,11,320,bug,flying,45.0,50.0,60.0,90.0,80.0,70.0
13,weedle,13,3,32,bug,poison,35.0,30.0,40.0,20.0,20.0,50.0
14,kakuna,14,6,100,bug,poison,25.0,50.0,45.0,25.0,25.0,35.0
15,beedrill,15,10,295,bug,poison,90.0,40.0,65.0,45.0,80.0,75.0
16,pidgey,16,3,18,normal,flying,45.0,40.0,40.0,35.0,35.0,56.0
17,pidgeotto,17,11,300,normal,flying,60.0,55.0,63.0,50.0,50.0,71.0
18,pidgeot,18,15,395,normal,flying,80.0,75.0,83.0,70.0,70.0,101.0
19,rattata,19,3,35,normal,,56.0,35.0,30.0,25.0,35.0,72.0
20,raticate,20,7,185,normal,,81.0,60.0,55.0,50.0,70.0,97.0
21,spearow,21,3,20,normal,flying,60.0,30.0,40.0,31.0,31.0,70.0
22,fearow,22,12,380,normal,flying,90.0,65.0,65.0,61.0,61.0,100.0
23,ekans,23,20,69,poison,,60.0,44.0,35.0,40.0,54.0,55.0
24,arbok,24,35,650,poison,,95.0,69.0,60.0,65.0,79.0,80.0
25,pikachu,25,4,60,electric,,55.0,40.0,35.0,50.0,50.0,90.0
26,raichu,26,8,300,electric,,90.0,55.0,60.0,90.0,80.0,110.0
27,sandshrew,27,6,120,ground,,75.0,85.0,50.0,20.0,30.0,40.0
28,sandslash,28,10,295,ground,,100.0,110.0,75.0,45.0,55.0,65.0
29,nidoran-f,29,4,70,poison,,47.0,52.0,55.0,40.0,40.0,41.0
30,nidorina,30,8,200,poison,,62.0,67.0,70.0,55.0,55.0,56.0
31,nidoqueen,31,13,600,poison,ground,92.0,87.0,90.0,75.0,85.0,76.0
32,nidoran-m,32,5,90,poison,,57.0,40.0,46.0,40.0,40.0,50.0
33,nidorino,33,9,195,poison,,72.0,57.0,61.0,55.0,55.0,65.0
34,nidoking,34,14,620,poison,ground,102.0,77.0,81.0,85.0,75.0,85.0
35,clefairy,35,6,75,fairy,,45.0,48.0,70.0,60.0,65.0,35.0
36,clefable,36,13,400,fairy,,70.0,73.0,95.0,95.0,90.0,60.0
37,vulpix,37,6,99,fire,,41.0,40.0,38.0,50.0,65.0,65.0
38,ninetales,38,11,199,fire,,76.0,75.0,73.0,81.0,100.0,100.0
39,jigglypuff,39,5,55,normal,fairy,45.0,20.0,115.0,45.0,25.0,20.0
40,wigglytuff,40,10,120,normal,fairy,70.0,45.0,140.0,85.0,50.0,45.0
41,zubat,41,8,75,poison,flying,45.0,35.0,40.0,30.0,40.0,55.0
42,golbat,42,16,550,poison,flying,80.0,70.0,75.0,65.0,75.0,90.0
43,oddish,43,5,54,grass,poison,50.0,55.0,45.0,75.0,65.0,30.0
44,gloom,44,8,86,grass,poison,65.0,70.0,60.0,85.0,75.0,40.0
45,vileplume,45,12,186,grass,poison,80.0,85.0,75.0,110.0,90.0,50.0
46,paras,46,3,54,bug,grass,70.0,55.0,35.0,45.0,55.0,25.0
47,parasect,47,10,295,bug,grass,95.0,80.0,60.0,60.0,80.0,30.0
48,venonat,48,10,300,bug,poison,55.0,50.0,60.0,40.0,55.0,45.0
49,venomoth,49,15,125,bug,poison,65.0,60.0,70.0,90.0,75.0,90.0
50,diglett,50,2,8,ground,,55.0,25.0,10.0,35.0,45.0,95.0
51,dugtrio,51,7,333,ground,,100.0,50.0,35.0,50.0,70.0,120.0
52,meowth,52,4,42,normal,,45.0,35.0,40.0,40.0,40.0,90.0
53,persian,53,10,320,normal,,70.0,60.0,65.0,65.0,65.0,115.0
54,psyduck,54,8,196,water,,52.0,48.0,50.0,65.0,50.0,55.0
55,golduck,55,17,766,water,,82.0,78.0,80.0,95.0,80.0,85.0
56,mankey,56,5,280,fighting,,80.0,35.0,40.0,35.0,45.0,70.0
57,primeape,57,10,320,fighting,,105.0,60.0,65.0,60.0,70.0,95.0
58,growlithe,58,7,190,fire,,70.0,45.0,55.0,70.0,50.0,60.0
59,arcanine,59,19,1550,fire,,110.0,80.0,90.0,100.0,80.0,95.0
60,poliwag,60,6,124,water,,50.0,40.0,40.0,40.0,40.0,90.0
61,poliwhirl,61,10,200,water,,65.0,65.0,65.0,50.0,50.0,90.0
62,poliwrath,62,13,540,water,fighting,95.0,95.0,90.0,70.0,90.0,70.0
63,abra,63,9,195,psychic,,20.0,15.0,25.0,105.0,55.0,90.0
64,kadabra,64,13,565,psychic,,35.0,30.0,40.0,120.0,70.0,105.0
65,alakazam,65,15,480,psychic,,50.0,45.0,55.0,135.0,95.0,120.0
66,machop,66,8,195,fighting,,80.0,50.0,70.0,35.0,35.0,35.0
67,machoke,67,15,705,fighting,,100.0,70.0,80.0,50.0,60.0,45.0
68,machamp,68,16,1300,fighting,,130.0,80.0,90.0,65.0,85.0,55.0
69,bellsprout,69,7,40,grass,poison,75.0,35.0,50.0,70.0,30.0,40.0
70,weepinbell,70,10,64,grass,poison,90.0,50.0,65.0,85.0,45.0,55.0
71,victreebel,71,17,155,grass,poison,105.0,65.0,80.0,100.0,70.0,70.0
72,tentacool,72,9,455,water,poison,40.0,35.0,40.0,50.0,100.0,70.0
73,tentacruel,73,16,550,water,poison,70.0,65.0,80.0,80.0,120.0,100.0
74,geodude,74,4,200,rock,ground,80.0,100.0,40.0,30.0,30.0,20.0
75,graveler,75,10,1050,rock,ground,95.0,115.0,55.0,45.0,45.0,35.0
76,golem,76,14,3000,rock,ground,120.0,130.0,80.0,55.0,65.0,45.0
77,ponyta,77,10,300,fire,,85.0,55.0,50.0,65.0,65.0,90.0
78,rapidash,78,17,950,fire,,100.0,70.0,65.0,80.0,80.0,105.0
79,slowpoke,79,12,360,water,psychic,65.0,65.0,90.0,40.0,40.0,15.0
80,slowbro,80,16,785,water,psychic,75.0,110.0,95.0,100.0,80.0,30.0
81,magnemite,81,3,60,electric,steel,35.0,70.0,25.0,95.0,55.0,45.0
82,magneton,82,10,600,electric,steel,60.0,95.0,50.0,120.0,70.0,70.0
83,farfetchd,83,8,150,normal,flying,90.0,55.0,52.0,58.0,62.0,60.0
84,doduo,84,14,392,normal,flying,85.0,45.0,35.0,35.0,35.0,75.0
85,dodrio,85,18,852,normal,flying,110.0,70.0,60.0,60.0,60.0,110.0
86,seel,86,11,900,water,,45.0,55.0,65.0,45.0,70.0,45.0
87,dewgong,87,17,1200,water,ice,70.0,80.0,90.0,70.0,95.0,70.0
88,grimer,88,9,300,poison,,80.0,50.0,80.0,40.0,50.0,25.0
89,muk,89,12,300,poison,,105.0,75.0,105.0,65.0,100.0,50.0
90,shellder,90,3,40,water,,65.0,100.0,30.0,45.0,25.0,40.0
91,cloyster,91,15,1325,water,ice,95.0,180.0,50.0,85.0,45.0,70.0
92,gastly,92,13,1,ghost,poison,35.0,30.0,30.0,100.0,35.0,80.0
93,haunter,93,16,1,ghost,poison,50.0,45.0,45.0,115.0,55.0,95.0
94,gengar,94,15,405,ghost,poison,65.0,60.0,60.0,130.0,75.0,110.0
95,onix,95,88,2100,rock,ground,45.0,160.0,35.0,30.0,45.0,70.0
96,drowzee,96,10,324,psychic,,48.0,45.0,60.0,43.0,90.0,42.0
97,hypno,97,16,756,psychic,,73.0,70.0,85.0,73.0,115.0,67.0
98,krabby,98,4,65,water,,105.0,90.0,30.0,25.0,25.0,50.0
99,kingler,99,13,600,water,,130.0,115.0,55.0,50.0,50.0,75.0
100,voltorb,100,5,104,electric,,30.0,50.0,40.0,55.0,55.0,100.0
101,electrode,101,12,666,electric,,50.0,70.0,60.0,80.0,80.0,150.0
102,exeggcute,102,4,25,grass,psychic,40.0,80.0,60.0,60.0,45.0,40.0
103,exeggutor,103,20,1200,grass,psychic,95.0,85.0,95.0,125.0,75.0,55.0
104,cubone,104,4,65,ground,,50.0,95.0,50.0,40.0,50.0,35.0
105,marowak,105,10,450,ground,,80.0,110.0,60.0,50.0,80.0,45.0
106,hitmonlee,106,15,498,fighting,,120.0,53.0,50.0,35.0,110.0,87.0
107,hitmonchan,107,14,502,fighting,,105.0,79.0,50.0,35.0,110.0,76.0
108,lickitung,108,12,655,normal,,55.0,75.0,90.0,60.0,75.0,30.0
109,koffing,109,6,10,poison,,65.0,95.0,40.0,60.0,45.0,35.0
110,weezing,110,12,95,poison,,90.0,120.0,65.0,85.0,70.0,60.0
111,rhyhorn,111,10,1150,ground,rock,85.0,95.0,80.0,30.0,30.0,25.0
112,rhydon,112,19,1200,ground,rock,130.0,120.0,105.0,45.0,45.0,40.0
113,chansey,113,11,346,normal,,5.0,5.0,250.0,35.0,105.0,50.0
114,tangela,114,10,350,grass,,55.0,115.0,65.0,100.0,40.0,60.0
115,kangaskhan,115,22,800,normal,,95.0,80.0,105.0,40.0,80.0,90.0
116,horsea,116,4,80,water,,40.0,70.0,30.0,70.0,25.0,60.0
117,seadra,117,12,250,water,,65.0,95.0,55.0,95.0,45.0,85.0
118,goldeen,118,6,150,water,,67.0,60.0,45.0,35.0,50.0,63.0
119,seaking,119,13,390,water,,92.0,65.0,80.0,65.0,80.0,68.0
120,staryu,120,8,345,water,,45.0,55.0,30.0,70.0,55.0,85.0
121,starmie,121,11,800,water,psychic,75.0,85.0,60.0,100.0,85.0,115.0
122,mr-mime,122,13,545,psychic,fairy,45.0,65.0,40.0,100.0,120.0,90.0
123,scyther,123,15,560,bug,flying,110.0,80.0,70.0,55.0,80.0,105.0
124,jynx,124,14,406,ice,psychic,50.0,35.0,65.0,115.0,95.0,95.0
125,electabuzz,125,11,300,electric,,83.0,57.0,65.0,95.0,85.0,105.0
126,magmar,126,13,445,fire,,95.0,57.0,65.0,100.0,85.0,93.0
127,pinsir,127,15,550,bug,,125.0,100.0,65.0,55.0,70.0,85.0
128,tauros,128,14,884,normal,,100.0,95.0,75.0,40.0,70.0,110.0
129,magikarp,129,9,100,water,,10.0,55.0,20.0,15.0,20.0,80.0
130,gyarados,130,65,2350,water,flying,125.0,79.0,95.0,60.0,100.0,81.0
131,lapras,131,25,2200,water,ice,85.0,80.0,130.0,85.0,95.0,60.0
132,ditto,132,3,40,normal,,48.0,48.0,48.0,48.0,48.0,48.0
133,eevee,133,3,65,normal,,55.0,50.0,55.0,45.0,65.0,55.0
134,vaporeon,134,10,290,water,,65.0,60.0,130.0,110.0,95.0,65.0
135,jolteon,135,8,245,electric,,65.0,60.0,65.0,110.0,95.0,130.0
136,flareon,136,9,250,fire,,130.0,60.0,65.0,95.0,110.0,65.0
137,porygon,137,8,365,normal,,60.0,70.0,65.0,85.0,75.0,40.0
138,omanyte,138,4,75,rock,water,40.0,100.0,35.0,90.0,55.0,35.0
139,omastar,139,10,350,rock,water,60.0,125.0,70.0,115.0,70.0,55.0
140,kabuto,140,5,115,rock,water,80.0,90.0,30.0,55.0,45.0,55.0
141,kabutops,141,13,405,rock,water,115.0,105.0,60.0,65.0,70.0,80.0
142,aerodactyl,142,18,590,rock,flying,105.0,65.0,80.0,60.0,75.0,130.0
143,snorlax,143,21,4600,normal,,110.0,65.0,160.0,65.0,110.0,30.0
144,articuno,144,17,554,ice,flying,85.0,100.0,90.0,95.0,125.0,85.0
145,zapdos,145,16,526,electric,flying,90.0,85.0,90.0,125.0,90.0,100.0
146,moltres,146,20,600,fire,flying,100.0,90.0,90.0,125.0,85.0,90.0
147,dratini,147,18,33,dragon,,64.0,45.0,41.0,50.0,50.0,50.0
148,dragonair,148,40,165,dragon,,84.0,65.0,61.0,70.0,70.0,70.0
149,dragonite,149,22,2100,dragon,flying,134.0,95.0,91.0,100.0,100.0,80.0
150,mewtwo,150,20,1220,psychic,,110.0,90.0,106.0,154.0,90.0,130.0
151,mew,151,4,40,psychic,,100.0,100.0,100.0,100.0,100.0,100.0
152,chikorita,152,9,64,grass,,49.0,65.0,45.0,49.0,65.0,45.0
153,bayleef,153,12,158,grass,,62.0,80.0,60.0,63.0,80.0,60.0
154,meganium,154,18,1005,grass,,82.0,100.0,80.0,83.0,100.0,80.0
155,cyndaquil,155,5,79,fire,,52.0,43.0,39.0,60.0,50.0,65.0
156,quilava,156,9,190,fire,,64.0,58.0,58.0,80.0,65.0,80.0
157,typhlosion,157,17,795,fire,,84.0,78.0,78.0,109.0,85.0,100.0
158,totodile,158,6,95,water,,65.0,64.0,50.0,44.0,48.0,43.0
159,croconaw,159,11,250,water,,80.0,80.0,65.0,59.0,63.0,58.0
160,feraligatr,160,23,888,water,,105.0,100.0,85.0,79.0,83.0,78.0
161,sentret,161,8,60,normal,,46.0,34.0,35.0,35.0,45.0,20.0
162,furret,162,18,325,normal,,76.0,64.0,85.0,45.0,55.0,90.0
163,hoothoot,163,7,212,normal,flying,30.0,30.0,60.0,36.0,56.0,50.0
164,noctowl,164,16,408,normal,flying,50.0,50.0,100.0,86.0,96.0,70.0
165,ledyba,165,10,108,bug,flying,20.0,30.0,40.0,40.0,80.0,55.0
166,ledian,166,14,356,bug,flying,35.0,50.0,55.0,55.0,110.0,85.0
167,spinarak,167,5,85,bug,poison,60.0,40.0,40.0,40.0,40.0,30.0
168,ariados,168,11,335,bug,poison,90.0,70.0,70.0,60.0,70.0,40.0
169,crobat,169,18,750,poison,flying,90.0,80.0,85.0,70.0,80.0,130.0
170,chinchou,170,5,120,water,electric,38.0,38.0,75.0,56.0,56.0,67.0
171,lanturn,171,12,225,water,electric,58.0,58.0,125.0,76.0,76.0,67.0
172,pichu,172,3,20,electric,,40.0,15.0,20.0,35.0,35.0,60.0
173,cleffa,173,3,30,fairy,,25.0,28.0,50.0,45.0,55.0,15.0
174,igglybuff,174,3,10,normal,fairy,30.0,15.0,90.0,40.0,20.0,15.0
175,togepi,175,3,15,fairy,,20.0,65.0,35.0,40.0,65.0,20.0
176,togetic,176,6,32,fairy,flying,40.0,85.0,55.0,80.0,105.0,40.0
177,natu,177,2,20,psychic,flying,50.0,45.0,40.0,70.0,45.0,70.0
178,xatu,178,15,150,psychic,flying,75.0,70.0,65.0,95.0,70.0,95.0
179,mareep,179,6,78,electric,,40.0,40.0,55.0,65.0,45.0,35.0
180,flaaffy,180,8,133,electric,,55.0,55.0,70.0,80.0,60.0,45.0
181,ampharos,181,14,615,electric,,75.0,85.0,90.0,115.0,90.0,55.0
182,bellossom,182,4,58,grass,,80.0,95.0,75.0,90.0,100.0,50.0
183,marill,183,4,85,water,fairy,20.0,50.0,70.0,20.0,50.0,40.0
184,azumarill,184,8,285,water,fairy,50.0,80.0,100.0,60.0,80.0,50.0
185,sudowoodo,185,12,380,rock,,100.0,115.0,70.0,30.0,65.0,30.0
186,politoed,186,11,339,water,,75.0,75.0,90.0,90.0,100.0,70.0
187,hoppip,187,4,5,grass,flying,35.0,40.0,35.0,35.0,55.0,50.0
188,skiploom,188,6,10,grass,flying,45.0,50.0,55.0,45.0,65.0,80.0
189,jumpluff,189,8,30,grass,flying,55.0,70.0,75.0,55.0,95.0,110.0
190,aipom,190,8,115,normal,,70.0,55.0,55.0,40.0,55.0,85.0
191,sunkern,191,3,18,grass,,30.0,30.0,30.0,30.0,30.0,30.0
192,sunflora,192,8,85,grass,,75.0,55.0,75.0,105.0,85.0,30.0
193,yanma,193,12,380,bug,flying,65.0,45.0,65.0,75.0,45.0,95.0
194,wooper,194,4,85,water,ground,45.0,45.0,55.0,25.0,25.0,15.0
195,quagsire,195,14,750,water,ground,85.0,85.0,95.0,65.0,65.0,35.0
196,espeon,196,9,265,psychic,,65.0,60.0,65.0,130.0,95.0,110.0
197,umbreon,197,10,270,dark,,65.0,110.0,95.0,60.0,130.0,65.0
198,murkrow,198,5,21,dark,flying,85.0,42.0,60.0,85.0,42.0,91.0
199,slowking,199,20,795,water,psychic,75.0,80.0,95.0,100.0,110.0,30.0
200,misdreavus,200,7,10,ghost,,60.0,60.0,60.0,85.0,85.0,85.0
201,unown,201,5,50,psychic,,72.0,48.0,48.0,72.0,48.0,48.0
202,wobbuffet,202,13,285,psychic,,33.0,58.0,190.0,33.0,58.0,33.0
203,girafarig,203,15,415,normal,psychic,80.0,65.0,70.0,90.0,65.0,85.0
204,pineco,204,6,72,bug,,65.0,90.0,50.0,35.0,35.0,15.0
205,forretress,205,12,1258,bug,steel,90.0,140.0,75.0,60.0,60.0,40.0
206,dunsparce,206,15,140,normal,,70.0,70.0,100.0,65.0,65.0,45.0
207,gligar,207,11,648,ground,flying,75.0,105.0,65.0,35.0,65.0,85.0
208,steelix,208,92,4000,steel,ground,85.0,200.0,75.0,55.0,65.0,30.0
209,snubbull,209,6,78,fairy,,80.0,50.0,60.0,40.0,40.0,30.0
210,granbull,210,14,487,fairy,,120.0,75.0,90.0,60.0,60.0,45.0
211,qwilfish,211,5,39,water,poison,95.0,85.0,65.0,55.0,55.0,85.0
212,scizor,212,18,1180,bug,steel,130.0,100.0,70.0,55.0,80.0,65.0
213,shuckle,213,6,205,bug,rock,10.0,230.0,20.0,10.0,230.0,5.0
214,heracross,214,15,540,bug,fighting,125.0,75.0,80.0,40.0,95.0,85.0
215,sneasel,215,9,280,dark,ice,95.0,55.0,55.0,35.0,75.0,115.0
216,teddiursa,216,6,88,normal,,80.0,50.0,60.0,50.0,50.0,40.0
217,ursaring,217,18,1258,normal,,130.0,75.0,90.0,75.0,75.0,55.0
218,slugma,218,7,350,fire,,40.0,40.0,40.0,70.0,40.0,20.0
219,magcargo,219,8,550,fire,rock,50.0,120.0,60.0,90.0,80.0,30.0
220,swinub,220,4,65,ice,ground,50.0,40.0,50.0,30.0,30.0,50.0
221,piloswine,221,11,558,ice,ground,100.0,80.0,100.0,60.0,60.0,50.0
222,corsola,222,6,50,water,rock,55.0,95.0,65.0,65.0,95.0,35.0
223,remoraid,223,6,120,water,,65.0,35.0,35.0,65.0,35.0,65.0
224,octillery,224,9,285,water,,105.0,75.0,75.0,105.0,75.0,45.0
225,delibird,225,9,160,ice,flying,55.0,45.0,45.0,65.0,45.0,75.0
226,mantine,226,21,2200,water,flying,40.0,70.0,85.0,80.0,140.0,70.0
227,skarmory,227,17,505,steel,flying,80.0,140.0,65.0,40.0,70.0,70.0
228,houndour,228,6,108,dark,fire,60.0,30.0,45.0,80.0,50.0,65.0
229,houndoom,229,14,350,dark,fire,90.0,50.0,75.0,110.0,80.0,95.0
230,kingdra,230,18,1520,water,dragon,95.0,95.0,75.0,95.0,95.0,85.0
231,phanpy,231,5,335,ground,,60.0,60.0,90.0,40.0,40.0,40.0
232,donphan,232,11,1200,ground,,120.0,120.0,90.0,60.0,60.0,50.0
233,porygon2,233,6,325,normal,,80.0,90.0,85.0,105.0,95.0,60.0
234,stantler,234,14,712,normal,,95.0,62.0,73.0,85.0,65.0,85.0
235,smeargle,235,12,580,normal,,20.0,35.0,55.0,20.0,45.0,75.0
236,tyrogue,236,7,210,fighting,,35.0,35.0,35.0,35.0,35.0,35.0
237,hitmontop,237,14,480,fighting,,95.0,95.0,50.0,35.0,110.0,70.0
238,smoochum,238,4,60,ice,psychic,30.0,15.0,45.0,85.0,65.0,65.0
239,elekid,239,6,235,electric,,63.0,37.0,45.0,65.0,55.0,95.0
240,magby,240,7,214,fire,,75.0,37.0,45.0,70.0,55.0,83.0
241,miltank,241,12,755,normal,,80.0,105.0,95.0,40.0,70.0,100.0
242,blissey,242,15,468,normal,,10.0,10.0,255.0,75.0,135.0,55.0
243,raikou,243,19,1780,electric,,85.0,75.0,90.0,115.0,100.0,115.0
244,entei,244,21,1980,fire,,115.0,85.0,115.0,90.0,75.0,100.0
245,suicune,245,20,1870,water,,75.0,115.0,100.0,90.0,115.0,85.0
246,larvitar,246,6,720,rock,ground,64.0,50.0,50.0,45.0,50.0,41.0
247,pupitar,247,12,1520,rock,ground,84.0,70.0,70.0,65.0,70.0,51.0
248,tyranitar,248,20,2020,rock,dark,134.0,110.0,100.0,95.0,100.0,61.0
249,lugia,249,52,2160,psychic,flying,90.0,130.0,106.0,90.0,154.0,110.0
250,ho-oh,250,38,1990,fire,flying,130.0,90.0,106.0,110.0,154.0,90.0
251,celebi,251,6,50,psychic,grass,100.0,100.0,100.0,100.0,100.0,100.0
252,treecko,252,5,50,grass,,45.0,35.0,40.0,65.0,55.0,70.0
253,grovyle,253,9,216,grass,,65.0,45.0,50.0,85.0,65.0,95.0
254,sceptile,254,17,522,grass,,85.0,65.0,70.0,105.0,85.0,120.0
255,torchic,255,4,25,fire,,60.0,40.0,45.0,70.0,50.0,45.0
256,combusken,256,9,195,fire,fighting,85.0,60.0,60.0,85.0,60.0,55.0
257,blaziken,257,19,520,fire,fighting,120.0,70.0,80.0,110.0,70.0,80.0
258,mudkip,258,4,76,water,,70.0,50.0,50.0,50.0,50.0,40.0
259,marshtomp,259,7,280,water,ground,85.0,70.0,70.0,60.0,70.0,50.0
260,swampert,260,15,819,water,ground,110.0,90.0,100.0,85.0,90.0,60.0
261,poochyena,261,5,136,dark,,55.0,35.0,35.0,30.0,30.0,35.0
262,mightyena,262,10,370,dark,,90.0,70.0,70.0,60.0,60.0,70.0
263,zigzagoon,263,4,175,normal,,30.0,41.0,38.0,30.0,41.0,60.0
264,linoone,264,5,325,normal,,70.0,61.0,78.0,50.0,61.0,100.0
265,wurmple,265,3,36,bug,,45.0,35.0,45.0,20.0,30.0,20.0
266,silcoon,266,6,100,bug,,35.0,55.0,50.0,25.0,25.0,15.0
267,beautifly,267,10,284,bug,flying,70.0,50.0,60.0,100.0,50.0,65.0
268,cascoon,268,7,115,bug,,35.0,55.0,50.0,25.0,25.0,15.0
269,dustox,269,12,316,bug,poison,50.0,70.0,60.0,50.0,90.0,65.0
270,lotad,270,5,26,water,grass,30.0,30.0,40.0,40.0,50.0,30.0
271,lombre,271,12,325,water,grass,50.0,50.0,60.0,60.0,70.0,50.0
272,ludicolo,272,15,550,water,grass,70.0,70.0,80.0,90.0,100.0,70.0
273,seedot,273,5,40,grass,,40.0,50.0,40.0,30.0,30.0,30.0
274,nuzleaf,274,10,280,grass,dark,70.0,40.0,70.0,60.0,40.0,60.0
275,shiftry,275,13,596,grass,dark,100.0,60.0,90.0,90.0,60.0,80.0
276,taillow,276,3,23,normal,flying,55.0,30.0,40.0,30.0,30.0,85.0
277,swellow,277,7,198,normal,flying,85.0,60.0,60.0,75.0,50.0,125.0
278,wingull,278,6,95,water,flying,30.0,30.0,40.0,55.0,30.0,85.0
279,pelipper,279,12,280,water,flying,50.0,100.0,60.0,95.0,70.0,65.0
280,ralts,280,4,66,psychic,fairy,25.0,25.0,28.0,45.0,35.0,40.0
281,kirlia,281,8,202,psychic,fairy,35.0,35.0,38.0,65.0,55.0,50.0
282,gardevoir,282,16,484,psychic,fairy,65.0,65.0,68.0,125.0,115.0,80.0
283,surskit,283,5,17,bug,water,30.0,32.0,40.0,50.0,52.0,65.0
284,masquerain,284,8,36,bug,flying,60.0,62.0,70.0,100.0,82.0,80.0
285,shroomish,285,4,45,grass,,40.0,60.0,60.0,40.0,60.0,35.0
286,breloom,286,12,392,grass,fighting,130.0,80.0,60.0,60.0,60.0,70.0
287,slakoth,287,8,240,normal,,60.0,60.0,60.0,35.0,35.0,30.0
288,vigoroth,288,14,465,normal,,80.0,80.0,80.0,55.0,55.0,90.0
289,slaking,289,20,1305,normal,,160.0,100.0,150.0,95.0,65.0,100.0
290,nincada,290,5,55,bug,ground,45.0,90.0,31.0,30.0,30.0,40.0
291,ninjask,291,8,120,bug,flying,90.0,45.0,61.0,50.0,50.0,160.0
292,shedinja,292,8,12,bug,ghost,90.0,45.0,1.0,30.0,30.0,40.0
293,whismur,293,6,163,normal,,51.0,23.0,64.0,51.0,23.0,28.0
294,loudred,294,10,405,normal,,71.0,43.0,84.0,71.0,43.0,48.0
295,exploud,295,15,840,normal,,91.0,63.0,104.0,91.0,73.0,68.0
296,makuhita,296,10,864,fighting,,60.0,30.0,72.0,20.0,30.0,25.0
297,hariyama,297,23,2538,fighting,,120.0,60.0,144.0,40.0,60.0,50.0
298,azurill,298,2,20,normal,fairy,20.0,40.0,50.0,20.0,40.0,20.0
299,nosepass,299,10,970,rock,,45.0,135.0,30.0,45.0,90.0,30.0
300,skitty,300,6,110,normal,,45.0,45.0,50.0,35.0,35.0,50.0
301,delcatty,301,11,326,normal,,65.0,65.0,70.0,55.0,55.0,90.0
302,sableye,302,5,110,dark,ghost,75.0,75.0,50.0,65.0,65.0,50.0
303,mawile,303,6,115,steel,fairy,85.0,85.0,50.0,55.0,55.0,50.0
304,aron,304,4,600,steel,rock,70.0,100.0,50.0,40.0,40.0,30.0
305,lairon,305,9,1200,steel,rock,90.0,140.0,60.0,50.0,50.0,40.0
306,aggron,306,21,3600,steel,rock,110.0,180.0,70.0,60.0,60.0,50.0
307,meditite,307,6,112,fighting,psychic,40.0,55.0,30.0,40.0,55.0,60.0
308,medicham,308,13,315,fighting,psychic,60.0,75.0,60.0,60.0,75.0,80.0
309,electrike,309,6,152,electric,,45.0,40.0,40.0,65.0,40.0,65.0
310,manectric,310,15,402,electric,,75.0,60.0,70.0,105.0,60.0,105.0
311,plusle,311,4,42,electric,,50.0,40.0,60.0,85.0,75.0,95.0
312,minun,312,4,42,electric,,40.0,50.0,60.0,75.0,85.0,95.0
313,volbeat,313,7,177,bug,,73.0,75.0,65.0,47.0,85.0,85.0
314,illumise,314,6,177,bug,,47.0,75.0,65.0,73.0,85.0,85.0
315,roselia,315,3,20,grass,poison,60.0,45.0,50.0,100.0,80.0,65.0
316,gulpin,316,4,103,poison,,43.0,53.0,70.0,43.0,53.0,40.0
317,swalot,317,17,800,poison,,73.0,83.0,100.0,73.0,83.0,55.0
318,carvanha,318,8,208,water,dark,90.0,20.0,45.0,65.0,20.0,65.0
319,sharpedo,319,18,888,water,dark,120.0,40.0,70.0,95.0,40.0,95.0
320,wailmer,320,20,1300,water,,70.0,35.0,130.0,70.0,35.0,60.0
321,wailord,321,145,3980,water,,90.0,45.0,170.0,90.0,45.0,60.0
322,numel,322,7,240,fire,ground,60.0,40.0,60.0,65.0,45.0,35.0
323,camerupt,323,19,2200,fire,ground,100.0,70.0,70.0,105.0,75.0,40.0
324,torkoal,324,5,804,fire,,85.0,140.0,70.0,85.0,70.0,20.0
325,spoink,325,7,306,psychic,,25.0,35.0,60.0,70.0,80.0,60.0
326,grumpig,326,9,715,psychic,,45.0,65.0,80.0,90.0,110.0,80.0
327,spinda,327,11,50,normal,,60.0,60.0,60.0,60.0,60.0,60.0
328,trapinch,328,7,150,ground,,100.0,45.0,45.0,45.0,45.0,10.0
329,vibrava,329,11,153,ground,dragon,70.0,50.0,50.0,50.0,50.0,70.0
330,flygon,330,20,820,ground,dragon,100.0,80.0,80.0,80.0,80.0,100.0
331,cacnea,331,4,513,grass,,85.0,40.0,50.0,85.0,40.0,35.0
332,cacturne,332,13,774,grass,dark,115.0,60.0,70.0,115.0,60.0,55.0
333,swablu,333,4,12,normal,flying,40.0,60.0,45.0,40.0,75.0,50.0
334,altaria,334,11,206,dragon,flying,70.0,90.0,75.0,70.0,105.0,80.0
335,zangoose,335,13,403,normal,,115.0,60.0,73.0,60.0,60.0,90.0
336,seviper,336,27,525,poison,,100.0,60.0,73.0,100.0,60.0,65.0
337,lunatone,337,10,1680,rock,psychic,55.0,65.0,90.0,95.0,85.0,70.0
338,solrock,338,12,1540,rock,psychic,95.0,85.0,90.0,55.0,65.0,70.0
339,barboach,339,4,19,water,ground,48.0,43.0,50.0,46.0,41.0,60.0
340,whiscash,340,9,236,water,ground,78.0,73.0,110.0,76.0,71.0,60.0
341,corphish,341,6,115,water,,80.0,65.0,43.0,50.0,35.0,35.0
342,crawdaunt,342,11,328,water,dark,120.0,85.0,63.0,90.0,55.0,55.0
343,baltoy,343,5,215,ground,psychic,40.0,55.0,40.0,40.0,70.0,55.0
344,claydol,344,15,1080,ground,psychic,70.0,105.0,60.0,70.0,120.0,75.0
345,lileep,345,10,238,rock,grass,41.0,77.0,66.0,61.0,87.0,23.0
346,cradily,346,15,604,rock,grass,81.0,97.0,86.0,81.0,107.0,43.0
347,anorith,347,7,125,rock,bug,95.0,50.0,45.0,40.0,50.0,75.0
348,armaldo,348,15,682,rock,bug,125.0,100.0,75.0,70.0,80.0,45.0
349,feebas,349,6,74,water,,15.0,20.0,20.0,10.0,55.0,80.0
350,milotic,350,62,1620,water,,60.0,79.0,95.0,100.0,125.0,81.0
351,castform,351,3,8,normal,,70.0,70.0,70.0,70.0,70.0,70.0
352,kecleon,352,10,220,normal,,90.0,70.0,60.0,60.0,120.0,40.0
353,shuppet,353,6,23,ghost,,75.0,35.0,44.0,63.0,33.0,45.0
354,banette,354,11,125,ghost,,115.0,65.0,64.0,83.0,63.0,65.0
355,duskull,355,8,150,ghost,,40.0,90.0,20.0,30.0,90.0,25.0
356,dusclops,356,16,306,ghost,,70.0,130.0,40.0,60.0,130.0,25.0
357,tropius,357,20,1000,grass,flying,68.0,83.0,99.0,72.0,87.0,51.0
358,chimecho,358,6,10,psychic,,50.0,80.0,75.0,95.0,90.0,65.0
359,absol,359,12,470,dark,,130.0,60.0,65.0,75.0,60.0,75.0
360,wynaut,360,6,140,psychic,,23.0,48.0,95.0,23.0,48.0,23.0
361,snorunt,361,7,168,ice,,50.0,50.0,50.0,50.0,50.0,50.0
362,glalie,362,15,2565,ice,,80.0,80.0,80.0,80.0,80.0,80.0
363,spheal,363,8,395,ice,water,40.0,50.0,70.0,55.0,50.0,25.0
364,sealeo,364,11,876,ice,water,60.0,70.0,90.0,75.0,70.0,45.0
365,walrein,365,14,1506,ice,water,80.0,90.0,110.0,95.0,90.0,65.0
366,clamperl,366,4,525,water,,64.0,85.0,35.0,74.0,55.0,32.0
367,huntail,367,17,270,water,,104.0,105.0,55.0,94.0,75.0,52.0
368,gorebyss,368,18,226,water,,84.0,105.0,55.0,114.0,75.0,52.0
369,relicanth,369,10,234,water,rock,90.0,130.0,100.0,45.0,65.0,55.0
370,luvdisc,370,6,87,water,,30.0,55.0,43.0,40.0,65.0,97.0
371,bagon,371,6,421,dragon,,75.0,60.0,45.0,40.0,30.0,50.0
372,shelgon,372,11,1105,dragon,,95.0,100.0,65.0,60.0,50.0,50.0
373,salamence,373,15,1026,dragon,flying,135.0,80.0,95.0,110.0,80.0,100.0
374,beldum,374,6,952,steel,psychic,55.0,80.0,40.0,35.0,60.0,30.0
375,metang,375,12,2025,steel,psychic,75.0,100.0,60.0,55.0,80.0,50.0
376,metagross,376,16,5500,steel,psychic,135.0,130.0,80.0,95.0,90.0,70.0
377,regirock,377,17,2300,rock,,100.0,200.0,80.0,50.0,100.0,50.0
378,regice,378,18,1750,ice,,50.0,100.0,80.0,100.0,200.0,50.0
379,registeel,379,19,2050,steel,,75.0,150.0,80.0,75.0,150.0,50.0
380,latias,380,14,400,dragon,psychic,80.0,90.0,80.0,110.0,130.0,110.0
381,latios,381,20,600,dragon,psychic,90.0,80.0,80.0,130.0,110.0,110.0
382,kyogre,382,45,3520,water,,100.0,90.0,100.0,150.0,140.0,90.0
383,groudon,383,35,9500,ground,,150.0,140.0,100.0,100.0,90.0,90.0
384,rayquaza,384,70,2065,dragon,flying,150.0,90.0,105.0,150.0,90.0,95.0
385,jirachi,385,3,11,steel,psychic,100.0,100.0,100.0,100.0,100.0,100.0
386,deoxys-normal,386,17,608,psychic,,150.0,50.0,50.0,150.0,50.0,150.0
387,turtwig,387,4,102,grass,,68.0,64.0,55.0,45.0,55.0,31.0
388,grotle,388,11,970,grass,,89.0,85.0,75.0,55.0,65.0,36.0
389,torterra,389,22,3100,grass,ground,109.0,105.0,95.0,75.0,85.0,56.0
390,chimchar,390,5,62,fire,,58.0,44.0,44.0,58.0,44.0,61.0
391,monferno,391,9,220,fire,fighting,78.0,52.0,64.0,78.0,52.0,81.0
392,infernape,392,12,550,fire,fighting,104.0,71.0,76.0,104.0,71.0,108.0
393,piplup,393,4,52,water,,51.0,53.0,53.0,61.0,56.0,40.0
394,prinplup,394,8,230,water,,66.0,68.0,64.0,81.0,76.0,50.0
395,empoleon,395,17,845,water,steel,86.0,88.0,84.0,111.0,101.0,60.0
396,starly,396,3,20,normal,flying,55.0,30.0,40.0,30.0,30.0,60.0
397,staravia,397,6,155,normal,flying,75.0,50.0,55.0,40.0,40.0,80.0
398,staraptor,398,12,249,normal,flying,120.0,70.0,85.0,50.0,60.0,100.0
399,bidoof,399,5,200,normal,,45.0,40.0,59.0,35.0,40.0,31.0
400,bibarel,400,10,315,normal,water,85.0,60.0,79.0,55.0,60.0,71.0
401,kricketot,401,3,22,bug,,25.0,41.0,37.0,25.0,41.0,25.0
402,kricketune,402,10,255,bug,,85.0,51.0,77.0,55.0,51.0,65.0
403,shinx,403,5,95,electric,,65.0,34.0,45.0,40.0,34.0,45.0
404,luxio,404,9,305,electric,,85.0,49.0,60.0,60.0,49.0,60.0
405,luxray,405,14,420,electric,,120.0,79.0,80.0,95.0,79.0,70.0
406,budew,406,2,12,grass,poison,30.0,35.0,40.0,50.0,70.0,55.0
407,roserade,407,9,145,grass,poison,70.0,65.0,60.0,125.0,105.0,90.0
408,cranidos,408,9,315,rock,,125.0,40.0,67.0,30.0,30.0,58.0
409,rampardos,409,16,1025,rock,,165.0,60.0,97.0,65.0,50.0,58.0
410,shieldon,410,5,570,rock,steel,42.0,118.0,30.0,42.0,88.0,30.0
411,bastiodon,411,13,1495,rock,steel,52.0,168.0,60.0,47.0,138.0,30.0
412,burmy,412,2,34,bug,,29.0,45.0,40.0,29.0,45.0,36.0
413,wormadam-plant,413,5,65,bug,grass,59.0,85.0,60.0,79.0,105.0,36.0
414,mothim,414,9,233,bug,flying,94.0,50.0,70.0,94.0,50.0,66.0
415,combee,415,3,55,bug,flying,30.0,42.0,30.0,30.0,42.0,70.0
416,vespiquen,416,12,385,bug,flying,80.0,102.0,70.0,80.0,102.0,40.0
417,pachirisu,417,4,39,electric,,45.0,70.0,60.0,45.0,90.0,95.0
418,buizel,418,7,295,water,,65.0,35.0,55.0,60.0,30.0,85.0
419,floatzel,419,11,335,water,,105.0,55.0,85.0,85.0,50.0,115.0
420,cherubi,420,4,33,grass,,35.0,45.0,45.0,62.0,53.0,35.0
421,cherrim,421,5,93,grass,,60.0,70.0,70.0,87.0,78.0,85.0
422,shellos,422,3,63,water,,48.0,48.0,76.0,57.0,62.0,34.0
423,gastrodon,423,9,299,water,ground,83.0,68.0,111.0,92.0,82.0,39.0
424,ambipom,424,12,203,normal,,100.0,66.0,75.0,60.0,66.0,115.0
425,drifloon,425,4,12,ghost,flying,50.0,34.0,90.0,60.0,44.0,70.0
426,drifblim,426,12,150,ghost,flying,80.0,44.0,150.0,90.0,54.0,80.0
427,buneary,427,4,55,normal,,66.0,44.0,55.0,44.0,56.0,85.0
428,lopunny,428,12,333,normal,,76.0,84.0,65.0,54.0,96.0,105.0
429,mismagius,429,9,44,ghost,,60.0,60.0,60.0,105.0,105.0,105.0
430,honchkrow,430,9,273,dark,flying,125.0,52.0,100.0,105.0,52.0,71.0
431,glameow,431,5,39,normal,,55.0,42.0,49.0,42.0,37.0,85.0
432,purugly,432,10,438,normal,,82.0,64.0,71.0,64.0,59.0,112.0
433,chingling,433,2,6,psychic,,30.0,50.0,45.0,65.0,50.0,45.0
434,stunky,434,4,192,poison,dark,63.0,47.0,63.0,41.0,41.0,74.0
435,skuntank,435,10,380,poison,dark,93.0,67.0,103.0,71.0,61.0,84.0
436,bronzor,436,5,605,steel,psychic,24.0,86.0,57.0,24.0,86.0,23.0
437,bronzong,437,13,1870,steel,psychic,89.0,116.0,67.0,79.0,116.0,33.0
438,bonsly,438,5,150,rock,,80.0,95.0,50.0,10.0,45.0,10.0
439,mime-jr,439,6,130,psychic,fairy,25.0,45.0,20.0,70.0,90.0,60.0
440,happiny,440,6,244,normal,,5.0,5.0,100.0,15.0,65.0,30.0
441,chatot,441,5,19,normal,flying,65.0,45.0,76.0,92.0,42.0,91.0
442,spiritomb,442,10,1080,ghost,dark,92.0,108.0,50.0,92.0,108.0,35.0
443,gible,443,7,205,dragon,ground,70.0,45.0,58.0,40.0,45.0,42.0
444,gabite,444,14,560,dragon,ground,90.0,65.0,68.0,50.0,55.0,82.0
445,garchomp,445,19,950,dragon,ground,130.0,95.0,108.0,80.0,85.0,102.0
446,munchlax,446,6,1050,normal,,85.0,40.0,135.0,40.0,85.0,5.0
447,riolu,447,7,202,fighting,,70.0,40.0,40.0,35.0,40.0,60.0
448,lucario,448,12,540,fighting,steel,110.0,70.0,70.0,115.0,70.0,90.0
449,hippopotas,449,8,495,ground,,72.0,78.0,68.0,38.0,42.0,32.0
450,hippowdon,450,20,3000,ground,,112.0,118.0,108.0,68.0,72.0,47.0
451,skorupi,451,8,120,poison,bug,50.0,90.0,40.0,30.0,55.0,65.0
452,drapion,452,13,615,poison,dark,90.0,110.0,70.0,60.0,75.0,95.0
453,croagunk,453,7,230,poison,fighting,61.0,40.0,48.0,61.0,40.0,50.0
454,toxicroak,454,13,444,poison,fighting,106.0,65.0,83.0,86.0,65.0,85.0
455,carnivine,455,14,270,grass,,100.0,72.0,74.0,90.0,72.0,46.0
456,finneon,456,4,70,water,,49.0,56.0,49.0,49.0,61.0,66.0
457,lumineon,457,12,240,water,,69.0,76.0,69.0,69.0,86.0,91.0
458,mantyke,458,10,650,water,flying,20.0,50.0,45.0,60.0,120.0,50.0
459,snover,459,10,505,grass,ice,62.0,50.0,60.0,62.0,60.0,40.0
460,abomasnow,460,22,1355,grass,ice,92.0,75.0,90.0,92.0,85.0,60.0
461,weavile,461,11,340,dark,ice,120.0,65.0,70.0,45.0,85.0,125.0
462,magnezone,462,12,1800,electric,steel,70.0,115.0,70.0,130.0,90.0,60.0
463,lickilicky,463,17,1400,normal,,85.0,95.0,110.0,80.0,95.0,50.0
464,rhyperior,464,24,2828,ground,rock,140.0,130.0,115.0,55.0,55.0,40.0
465,tangrowth,465,20,1286,grass,,100.0,125.0,100.0,110.0,50.0,50.0
466,electivire,466,18,1386,electric,,123.0,67.0,75.0,95.0,85.0,95.0
467,magmortar,467,16,680,fire,,95.0,67.0,75.0,125.0,95.0,83.0
468,togekiss,468,15,380,fairy,flying,50.0,95.0,85.0,120.0,115.0,80.0
469,yanmega,469,19,515,bug,flying,76.0,86.0,86.0,116.0,56.0,95.0
470,leafeon,470,10,255,grass,,110.0,130.0,65.0,60.0,65.0,95.0
471,glaceon,471,8,259,ice,,60.0,110.0,65.0,130.0,95.0,65.0
472,gliscor,472,20,425,ground,flying,95.0,125.0,75.0,45.0,75.0,95.0
473,mamoswine,473,25,2910,ice,ground,130.0,80.0,110.0,70.0,60.0,80.0
474,porygon-z,474,9,340,normal,,80.0,70.0,85.0,135.0,75.0,90.0
475,gallade,475,16,520,psychic,fighting,125.0,65.0,68.0,65.0,115.0,80.0
476,probopass,476,14,3400,rock,steel,55.0,145.0,60.0,75.0,150.0,40.0
477,dusknoir,477,22,1066,ghost,,100.0,135.0,45.0,65.0,135.0,45.0
478,froslass,478,13,266,ice,ghost,80.0,70.0,70.0,80.0,70.0,110.0
479,rotom,479,3,3,electric,ghost,50.0,77.0,50.0,95.0,77.0,91.0
480,uxie,480,3,3,psychic,,75.0,130.0,75.0,75.0,130.0,95.0
481,mesprit,481,3,3,psychic,,105.0,105.0,80.0,105.0,105.0,80.0
482,azelf,482,3,3,psychic,,125.0,70.0,75.0,125.0,70.0,115.0
483,dialga,483,54,6830,steel,dragon,120.0,120.0,100.0,150.0,100.0,90.0
484,palkia,484,42,3360,water,dragon,120.0,100.0,90.0,150.0,120.0,100.0
485,heatran,485,17,4300,fire,steel,90.0,106.0,91.0,130.0,106.0,77.0
486,regigigas,486,37,4200,normal,,160.0,110.0,110.0,80.0,110.0,100.0
487,giratina-altered,487,45,7500,ghost,dragon,100.0,120.0,150.0,100.0,120.0,90.0
488,cresselia,488,15,856,psychic,,70.0,110.0,120.0,75.0,120.0,85.0
489,phione,489,4,31,water,,80.0,80.0,80.0,80.0,80.0,80.0
490,manaphy,490,3,14,water,,100.0,100.0,100.0,100.0,100.0,100.0
491,darkrai,491,15,505,dark,,90.0,90.0,70.0,135.0,90.0,125.0
492,shaymin-land,492,2,21,grass,,100.0,100.0,100.0,100.0,100.0,100.0
493,arceus,493,32,3200,normal,,120.0,120.0,120.0,120.0,120.0,120.0
494,victini,494,4,40,psychic,fire,100.0,100.0,100.0,100.0,100.0,100.0
495,snivy,495,6,81,grass,,45.0,55.0,45.0,45.0,55.0,63.0
496,servine,496,8,160,grass,,60.0,75.0,60.0,60.0,75.0,83.0
497,serperior,497,33,630,grass,,75.0,95.0,75.0,75.0,95.0,113.0
498,tepig,498,5,99,fire,,63.0,45.0,65.0,45.0,45.0,45.0
499,pignite,499,10,555,fire,fighting,93.0,55.0,90.0,70.0,55.0,55.0
500,emboar,500,16,1500,fire,fighting,123.0,65.0,110.0,100.0,65.0,65.0
501,oshawott,501,5,59,water,,55.0,45.0,55.0,63.0,45.0,45.0
502,dewott,502,8,245,water,,75.0,60.0,75.0,83.0,60.0,60.0
503,samurott,503,15,946,water,,100.0,85.0,95.0,108.0,70.0,70.0
504,patrat,504,5,116,normal,,55.0,39.0,45.0,35.0,39.0,42.0
505,watchog,505,11,270,normal,,85.0,69.0,60.0,60.0,69.0,77.0
506,lillipup,506,4,41,normal,,60.0,45.0,45.0,25.0,45.0,55.0
507,herdier,507,9,147,normal,,80.0,65.0,65.0,35.0,65.0,60.0
508,stoutland,508,12,610,normal,,110.0,90.0,85.0,45.0,90.0,80.0
509,purrloin,509,4,101,dark,,50.0,37.0,41.0,50.0,37.0,66.0
510,liepard,510,11,375,dark,,88.0,50.0,64.0,88.0,50.0,106.0
511,pansage,511,6,105,grass,,53.0,48.0,50.0,53.0,48.0,64.0
512,simisage,512,11,305,grass,,98.0,63.0,75.0,98.0,63.0,101.0
513,pansear,513,6,110,fire,,53.0,48.0,50.0,53.0,48.0,64.0
514,simisear,514,10,280,fire,,98.0,63.0,75.0,98.0,63.0,101.0
515,panpour,515,6,135,water,,53.0,48.0,50.0,53.0,48.0,64.0
516,simipour,516,10,290,water,,98.0,63.0,75.0,98.0,63.0,101.0
517,munna,517,6,233,psychic,,25.0,45.0,76.0,67.0,55.0,24.0
518,musharna,518,11,605,psychic,,55.0,85.0,116.0,107.0,95.0,29.0
519,pidove,519,3,21,normal,flying,55.0,50.0,50.0,36.0,30.0,43.0
520,tranquill,520,6,150,normal,flying,77.0,62.0,62.0,50.0,42.0,65.0
521,unfezant,521,12,290,normal,flying,115.0,80.0,80.0,65.0,55.0,93.0
522,blitzle,522,8,298,electric,,60.0,32.0,45.0,50.0,32.0,76.0
523,zebstrika,523,16,795,electric,,100.0,63.0,75.0,80.0,63.0,116.0
524,roggenrola,524,4,180,rock,,75.0,85.0,55.0,25.0,25.0,15.0
525,boldore,525,9,1020,rock,,105.0,105.0,70.0,50.0,40.0,20.0
526,gigalith,526,17,2600,rock,,135.0,130.0,85.0,60.0,80.0,25.0
527,woobat,527,4,21,psychic,flying,45.0,43.0,65.0,55.0,43.0,72.0
528,swoobat,528,9,105,psychic,flying,57.0,55.0,67.0,77.0,55.0,114.0
529,drilbur,529,3,85,ground,,85.0,40.0,60.0,30.0,45.0,68.0
530,excadrill,530,7,404,ground,steel,135.0,60.0,110.0,50.0,65.0,88.0
531,audino,531,11,310,normal,,60.0,86.0,103.0,60.0,86.0,50.0
532,timburr,532,6,125,fighting,,80.0,55.0,75.0,25.0,35.0,35.0
533,gurdurr,533,12,400,fighting,,105.0,85.0,85.0,40.0,50.0,40.0
534,conkeldurr,534,14,870,fighting,,140.0,95.0,105.0,55.0,65.0,45.0
535,tympole,535,5,45,water,,50.0,40.0,50.0,50.0,40.0,64.0
536,palpitoad,536,8,170,water,ground,65.0,55.0,75.0,65.0,55.0,69.0
537,seismitoad,537,15,620,water,ground,95.0,75.0,105.0,85.0,75.0,74.0
538,throh,538,13,555,fighting,,100.0,85.0,120.0,30.0,85.0,45.0
539,sawk,539,14,510,fighting,,125.0,75.0,75.0,30.0,75.0,85.0
540,sewaddle,540,3,25,bug,grass,53.0,70.0,45.0,40.0,60.0,42.0
541,swadloon,541,5,73,bug,grass,63.0,90.0,55.0,50.0,80.0,42.0
542,leavanny,542,12,205,bug,grass,103.0,80.0,75.0,70.0,80.0,92.0
543,venipede,543,4,53,bug,poison,45.0,59.0,30.0,30.0,39.0,57.0
544,whirlipede,544,12,585,bug,poison,55.0,99.0,40.0,40.0,79.0,47.0
545,scolipede,545,25,2005,bug,poison,100.0,89.0,60.0,55.0,69.0,112.0
546,cottonee,546,3,6,grass,fairy,27.0,60.0,40.0,37.0,50.0,66.0
547,whimsicott,547,7,66,grass,fairy,67.0,85.0,60.0,77.0,75.0,116.0
548,petilil,548,5,66,grass,,35.0,50.0,45.0,70.0,50.0,30.0
549,lilligant,549,11,163,grass,,60.0,75.0,70.0,110.0,75.0,90.0
550,basculin-red-striped,550,10,180,water,,92.0,65.0,70.0,80.0,55.0,98.0
551,sandile,551,7,152,ground,dark,72.0,35.0,50.0,35.0,35.0,65.0
552,krokorok,552,10,334,ground,dark,82.0,45.0,60.0,45.0,45.0,74.0
553,krookodile,553,15,963,ground,dark,117.0,80.0,95.0,65.0,70.0,92.0
554,darumaka,554,6,375,fire,,90.0,45.0,70.0,15.0,45.0,50.0
555,darmanitan-standard,555,13,929,fire,,140.0,55.0,105.0,30.0,55.0,95.0
556,maractus,556,10,280,grass,,86.0,67.0,75.0,106.0,67.0,60.0
557,dwebble,557,3,145,bug,rock,65.0,85.0,50.0,35.0,35.0,55.0
558,crustle,558,14,2000,bug,rock,105.0,125.0,70.0,65.0,75.0,45.0
559,scraggy,559,6,118,dark,fighting,75.0,70.0,50.0,35.0,70.0,48.0
560,scrafty,560,11,300,dark,fighting,90.0,115.0,65.0,45.0,115.0,58.0
561,sigilyph,561,14,140,psychic,flying,58.0,80.0,72.0,103.0,80.0,97.0
562,yamask,562,5,15,ghost,,30.0,85.0,38.0,55.0,65.0,30.0
563,cofagrigus,563,17,765,ghost,,50.0,145.0,58.0,95.0,105.0,30.0
564,tirtouga,564,7,165,water,rock,78.0,103.0,54.0,53.0,45.0,22.0
565,carracosta,565,12,810,water,rock,108.0,133.0,74.0,83.0,65.0,32.0
566,archen,566,5,95,rock,flying,112.0,45.0,55.0,74.0,45.0,70.0
567,archeops,567,14,320,rock,flying,140.0,65.0,75.0,112.0,65.0,110.0
568,trubbish,568,6,310,poison,,50.0,62.0,50.0,40.0,62.0,65.0
569,garbodor,569,19,1073,poison,,95.0,82.0,80.0,60.0,82.0,75.0
570,zorua,570,7,125,dark,,65.0,40.0,40.0,80.0,40.0,65.0
571,zoroark,571,16,811,dark,,105.0,60.0,60.0,120.0,60.0,105.0
572,minccino,572,4,58,normal,,50.0,40.0,55.0,40.0,40.0,75.0
573,cinccino,573,5,75,normal,,95.0,60.0,75.0,65.0,60.0,115.0
574,gothita,574,4,58,psychic,,30.0,50.0,45.0,55.0,65.0,45.0
575,gothorita,575,7,180,psychic,,45.0,70.0,60.0,75.0,85.0,55.0
576,gothitelle,576,15,440,psychic,,55.0,95.0,70.0,95.0,110.0,65.0
577,solosis,577,3,10,psychic,,30.0,40.0,45.0,105.0,50.0,20.0
578,duosion,578,6,80,psychic,,40.0,50.0,65.0,125.0,60.0,30.0
579,reuniclus,579,10,201,psychic,,65.0,75.0,110.0,125.0,85.0,30.0
580,ducklett,580,5,55,water,flying,44.0,50.0,62.0,44.0,50.0,55.0
581,swanna,581,13,242,water,flying,87.0,63.0,75.0,87.0,63.0,98.0
582,vanillite,582,4,57,ice,,50.0,50.0,36.0,65.0,60.0,44.0
583,vanillish,583,11,410,ice,,65.0,65.0,51.0,80.0,75.0,59.0
584,vanilluxe,584,13,575,ice,,95.0,85.0,71.0,110.0,95.0,79.0
585,deerling,585,6,195,normal,grass,60.0,50.0,60.0,40.0,50.0,75.0
586,sawsbuck,586,19,925,normal,grass,100.0,70.0,80.0,60.0,70.0,95.0
587,emolga,587,4,50,electric,flying,75.0,60.0,55.0,75.0,60.0,103.0
588,karrablast,588,5,59,bug,,75.0,45.0,50.0,40.0,45.0,60.0
589,escavalier,589,10,330,bug,steel,135.0,105.0,70.0,60.0,105.0,20.0
590,foongus,590,2,10,grass,poison,55.0,45.0,69.0,55.0,55.0,15.0
591,amoonguss,591,6,105,grass,poison,85.0,70.0,114.0,85.0,80.0,30.0
592,frillish,592,12,330,water,ghost,40.0,50.0,55.0,65.0,85.0,40.0
593,jellicent,593,22,1350,water,ghost,60.0,70.0,100.0,85.0,105.0,60.0
594,alomomola,594,12,316,water,,75.0,80.0,165.0,40.0,45.0,65.0
595,joltik,595,1,6,bug,electric,47.0,50.0,50.0,57.0,50.0,65.0
596,galvantula,596,8,143,bug,electric,77.0,60.0,70.0,97.0,60.0,108.0
597,ferroseed,597,6,188,grass,steel,50.0,91.0,44.0,24.0,86.0,10.0
598,ferrothorn,598,10,1100,grass,steel,94.0,131.0,74.0,54.0,116.0,20.0
599,klink,599,3,210,steel,,55.0,70.0,40.0,45.0,60.0,30.0
600,klang,600,6,510,steel,,80.0,95.0,60.0,70.0,85.0,50.0
601,klinklang,601,6,810,steel,,100.0,115.0,60.0,70.0,85.0,90.0
602,tynamo,602,2,3,electric,,55.0,40.0,35.0,45.0,40.0,60.0
603,eelektrik,603,12,220,electric,,85.0,70.0,65.0,75.0,70.0,40.0
604,eelektross,604,21,805,electric,,115.0,80.0,85.0,105.0,80.0,50.0
605,elgyem,605,5,90,psychic,,55.0,55.0,55.0,85.0,55.0,30.0
606,beheeyem,606,10,345,psychic,,75.0,75.0,75.0,125.0,95.0,40.0
607,litwick,607,3,31,ghost,fire,30.0,55.0,50.0,65.0,55.0,20.0
608,lampent,608,6,130,ghost,fire,40.0,60.0,60.0,95.0,60.0,55.0
609,chandelure,609,10,343,ghost,fire,55.0,90.0,60.0,145.0,90.0,80.0
610,axew,610,6,180,dragon,,87.0,60.0,46.0,30.0,40.0,57.0
611,fraxure,611,10,360,dragon,,117.0,70.0,66.0,40.0,50.0,67.0
612,haxorus,612,18,1055,dragon,,147.0,90.0,76.0,60.0,70.0,97.0
613,cubchoo,613,5,85,ice,,70.0,40.0,55.0,60.0,40.0,40.0
614,beartic,614,26,2600,ice,,130.0,80.0,95.0,70.0,80.0,50.0
615,cryogonal,615,11,1480,ice,,50.0,50.0,80.0,95.0,135.0,105.0
616,shelmet,616,4,77,bug,,40.0,85.0,50.0,40.0,65.0,25.0
617,accelgor,617,8,253,bug,,70.0,40.0,80.0,100.0,60.0,145.0
618,stunfisk,618,7,110,ground,electric,66.0,84.0,109.0,81.0,99.0,32.0
619,mienfoo,619,9,200,fighting,,85.0,50.0,45.0,55.0,50.0,65.0
620,mienshao,620,14,355,fighting,,125.0,60.0,65.0,95.0,60.0,105.0
621,druddigon,621,16,1390,dragon,,120.0,90.0,77.0,60.0,90.0,48.0
622,golett,622,10,920,ground,ghost,74.0,50.0,59.0,35.0,50.0,35.0
623,golurk,623,28,3300,ground,ghost,124.0,80.0,89.0,55.0,80.0,55.0
624,pawniard,624,5,102,dark,steel,85.0,70.0,45.0,40.0,40.0,60.0
625,bisharp,625,16,700,dark,steel,125.0,100.0,65.0,60.0,70.0,70.0
626,bouffalant,626,16,946,normal,,110.0,95.0,95.0,40.0,95.0,55.0
627,rufflet,627,5,105,normal,flying,83.0,50.0,70.0,37.0,50.0,60.0
628,braviary,628,15,410,normal,flying,123.0,75.0,100.0,57.0,75.0,80.0
629,vullaby,629,5,90,dark,flying,55.0,75.0,70.0,45.0,65.0,60.0
630,mandibuzz,630,12,395,dark,flying,65.0,105.0,110.0,55.0,95.0,80.0
631,heatmor,631,14,580,fire,,97.0,66.0,85.0,105.0,66.0,65.0
632,durant,632,3,330,bug,steel,109.0,112.0,58.0,48.0,48.0,109.0
633,deino,633,8,173,dark,dragon,65.0,50.0,52.0,45.0,50.0,38.0
634,zweilous,634,14,500,dark,dragon,85.0,70.0,72.0,65.0,70.0,58.0
635,hydreigon,635,18,1600,dark,dragon,105.0,90.0,92.0,125.0,90.0,98.0
636,larvesta,636,11,288,bug,fire,85.0,55.0,55.0,50.0,55.0,60.0
637,volcarona,637,16,460,bug,fire,60.0,65.0,85.0,135.0,105.0,100.0
638,cobalion,638,21,2500,steel,fighting,90.0,129.0,91.0,90.0,72.0,108.0
639,terrakion,639,19,2600,rock,fighting,129.0,90.0,91.0,72.0,90.0,108.0
640,virizion,640,20,2000,grass,fighting,90.0,72.0,91.0,90.0,129.0,108.0
641,tornadus-incarnate,641,15,630,flying,,115.0,70.0,79.0,125.0,80.0,111.0
642,thundurus-incarnate,642,15,610,electric,flying,115.0,70.0,79.0,125.0,80.0,111.0
643,reshiram,643,32,3300,dragon,fire,120.0,100.0,100.0,150.0,120.0,90.0
644,zekrom,644,29,3450,dragon,electric,150.0,120.0,100.0,120.0,100.0,90.0
645,landorus-incarnate,645,15,680,ground,flying,125.0,90.0,89.0,115.0,80.0,101.0
646,kyurem,646,30,3250,dragon,ice,130.0,90.0,125.0,130.0,90.0,95.0
647,keldeo-ordinary,647,14,485,water,fighting,72.0,90.0,91.0,129.0,90.0,108.0
648,meloetta-aria,648,6,65,normal,psychic,77.0,77.0,100.0,128.0,128.0,90.0
649,genesect,649,15,825,bug,steel,120.0,95.0,71.0,120.0,95.0,99.0
650,chespin,650,4,90,grass,,61.0,65.0,56.0,48.0,45.0,38.0
651,quilladin,651,7,290,grass,,78.0,95.0,61.0,56.0,58.0,57.0
652,chesnaught,652,16,900,grass,fighting,107.0,122.0,88.0,74.0,75.0,64.0
653,fennekin,653,4,94,fire,,45.0,40.0,40.0,62.0,60.0,60.0
654,braixen,654,10,145,fire,,59.0,58.0,59.0,90.0,70.0,73.0
655,delphox,655,15,390,fire,psychic,69.0,72.0,75.0,114.0,100.0,104.0
656,froakie,656,3,70,water,,56.0,40.0,41.0,62.0,44.0,71.0
657,frogadier,657,6,109,water,,63.0,52.0,54.0,83.0,56.0,97.0
658,greninja,658,15,400,water,dark,95.0,67.0,72.0,103.0,71.0,122.0
659,bunnelby,659,4,50,normal,,36.0,38.0,38.0,32.0,36.0,57.0
660,diggersby,660,10,424,normal,ground,56.0,77.0,85.0,50.0,77.0,78.0
661,fletchling,661,3,17,normal,flying,50.0,43.0,45.0,40.0,38.0,62.0
662,fletchinder,662,7,160,fire,flying,73.0,55.0,62.0,56.0,52.0,84.0
663,talonflame,663,12,245,fire,flying,81.0,71.0,78.0,74.0,69.0,126.0
664,scatterbug,664,3,25,bug,,35.0,40.0,38.0,27.0,25.0,35.0
665,spewpa,665,3,84,bug,,22.0,60.0,45.0,27.0,30.0,29.0
666,vivillon,666,12,170,bug,flying,52.0,50.0,80.0,90.0,50.0,89.0
667,litleo,667,6,135,fire,normal,50.0,58.0,62.0,73.0,54.0,72.0
668,pyroar,668,15,815,fire,normal,68.0,72.0,86.0,109.0,66.0,106.0
669,flabebe,669,1,1,fairy,,38.0,39.0,44.0,61.0,79.0,42.0
670,floette,670,2,9,fairy,,45.0,47.0,54.0,75.0,98.0,52.0
671,florges,671,11,100,fairy,,65.0,68.0,78.0,112.0,154.0,75.0
672,skiddo,672,9,310,grass,,65.0,48.0,66.0,62.0,57.0,52.0
673,gogoat,673,17,910,grass,,100.0,62.0,123.0,97.0,81.0,68.0
674,pancham,674,6,80,fighting,,82.0,62.0,67.0,46.0,48.0,43.0
675,pangoro,675,21,1360,fighting,dark,124.0,78.0,95.0,69.0,71.0,58.0
676,furfrou,676,12,280,normal,,80.0,60.0,75.0,65.0,90.0,102.0
677,espurr,677,3,35,psychic,,48.0,54.0,62.0,63.0,60.0,68.0
678,meowstic-male,678,6,85,psychic,,48.0,76.0,74.0,83.0,81.0,104.0
679,honedge,679,8,20,steel,ghost,80.0,100.0,45.0,35.0,37.0,28.0
680,doublade,680,8,45,steel,ghost,110.0,150.0,59.0,45.0,49.0,35.0
681,aegislash-shield,681,17,530,steel,ghost,50.0,140.0,60.0,50.0,140.0,60.0
682,spritzee,682,2,5,fairy,,52.0,60.0,78.0,63.0,65.0,23.0
683,aromatisse,683,8,155,fairy,,72.0,72.0,101.0,99.0,89.0,29.0
684,swirlix,684,4,35,fairy,,48.0,66.0,62.0,59.0,57.0,49.0
685,slurpuff,685,8,50,fairy,,80.0,86.0,82.0,85.0,75.0,72.0
686,inkay,686,4,35,dark,psychic,54.0,53.0,53.0,37.0,46.0,45.0
687,malamar,687,15,470,dark,psychic,92.0,88.0,86.0,68.0,75.0,73.0
688,binacle,688,5,310,rock,water,52.0,67.0,42.0,39.0,56.0,50.0
689,barbaracle,689,13,960,rock,water,105.0,115.0,72.0,54.0,86.0,68.0
690,skrelp,690,5,73,poison,water,60.0,60.0,50.0,60.0,60.0,30.0
691,dragalge,691,18,815,poison,dragon,75.0,90.0,65.0,97.0,123.0,44.0
692,clauncher,692,5,83,water,,53.0,62.0,50.0,58.0,63.0,44.0
693,clawitzer,693,13,353,water,,73.0,88.0,71.0,120.0,89.0,59.0
694,helioptile,694,5,60,electric,normal,38.0,33.0,44.0,61.0,43.0,70.0
695,heliolisk,695,10,210,electric,normal,55.0,52.0,62.0,109.0,94.0,109.0
696,tyrunt,696,8,260,rock,dragon,89.0,77.0,58.0,45.0,45.0,48.0
697,tyrantrum,697,25,2700,rock,dragon,121.0,119.0,82.0,69.0,59.0,71.0
698,amaura,698,13,252,rock,ice,59.0,50.0,77.0,67.0,63.0,46.0
699,aurorus,699,27,2250,rock,ice,77.0,72.0,123.0,99.0,92.0,58.0
700,sylveon,700,10,235,fairy,,65.0,65.0,95.0,110.0,130.0,60.0
701,hawlucha,701,8,215,fighting,flying,92.0,75.0,78.0,74.0,63.0,118.0
702,dedenne,702,2,22,electric,fairy,58.0,57.0,67.0,81.0,67.0,101.0
703,carbink,703,3,57,rock,fairy,50.0,150.0,50.0,50.0,150.0,50.0
704,goomy,704,3,28,dragon,,50.0,35.0,45.0,55.0,75.0,40.0
705,sliggoo,705,8,175,dragon,,75.0,53.0,68.0,83.0,113.0,60.0
706,goodra,706,20,1505,dragon,,100.0,70.0,90.0,110.0,150.0,80.0
707,klefki,707,2,30,steel,fairy,80.0,91.0,57.0,80.0,87.0,75.0
708,phantump,708,4,70,ghost,grass,70.0,48.0,43.0,50.0,60.0,38.0
709,trevenant,709,15,710,ghost,grass,110.0,76.0,85.0,65.0,82.0,56.0
710,pumpkaboo-average,710,4,50,ghost,grass,66.0,70.0,49.0,44.0,55.0,51.0
711,gourgeist-average,711,9,125,ghost,grass,90.0,122.0,65.0,58.0,75.0,84.0
712,bergmite,712,10,995,ice,,69.0,85.0,55.0,32.0,35.0,28.0
713,avalugg,713,20,5050,ice,,117.0,184.0,95.0,44.0,46.0,28.0
714,noibat,714,5,80,flying,dragon,30.0,35.0,40.0,45.0,40.0,55.0
715,noivern,715,15,850,flying,dragon,70.0,80.0,85.0,97.0,80.0,123.0
716,xerneas,716,30,2150,fairy,,131.0,95.0,126.0,131.0,98.0,99.0
717,yveltal,717,58,2030,dark,flying,131.0,95.0,126.0,131.0,98.0,99.0
718,zygarde-50,718,50,3050,dragon,ground,100.0,121.0,108.0,81.0,95.0,95.0
719,diancie,719,7,88,rock,fairy,100.0,150.0,50.0,100.0,150.0,50.0
720,hoopa,720,5,90,psychic,ghost,110.0,60.0,80.0,150.0,130.0,70.0
721,volcanion,721,17,1950,fire,water,110.0,120.0,80.0,130.0,90.0,70.0
722,rowlet,722,3,15,grass,flying,55.0,55.0,68.0,50.0,50.0,42.0
723,dartrix,723,7,160,grass,flying,75.0,75.0,78.0,70.0,70.0,52.0
724,decidueye,724,16,366,grass,ghost,107.0,75.0,78.0,100.0,100.0,70.0
725,litten,725,4,43,fire,,65.0,40.0,45.0,60.0,40.0,70.0
726,torracat,726,7,250,fire,,85.0,50.0,65.0,80.0,50.0,90.0
727,incineroar,727,18,830,fire,dark,115.0,90.0,95.0,80.0,90.0,60.0
728,popplio,728,4,75,water,,54.0,54.0,50.0,66.0,56.0,40.0
729,brionne,729,6,175,water,,69.0,69.0,60.0,91.0,81.0,50.0
730,primarina,730,18,440,water,fairy,74.0,74.0,80.0,126.0,116.0,60.0
731,pikipek,731,3,12,normal,flying,75.0,30.0,35.0,30.0,30.0,65.0
732,trumbeak,732,6,148,normal,flying,85.0,50.0,55.0,40.0,50.0,75.0
733,toucannon,733,11,260,normal,flying,120.0,75.0,80.0,75.0,75.0,60.0
734,yungoos,734,4,60,normal,,70.0,30.0,48.0,30.0,30.0,45.0
735,gumshoos,735,7,142,normal,,110.0,60.0,88.0,55.0,60.0,45.0
736,grubbin,736,4,44,bug,,62.0,45.0,47.0,55.0,45.0,46.0
737,charjabug,737,5,105,bug,electric,82.0,95.0,57.0,55.0,75.0,36.0
738,vikavolt,738,15,450,bug,electric,70.0,90.0,77.0,145.0,75.0,43.0
739,crabrawler,739,6,70,fighting,,82.0,57.0,47.0,42.0,47.0,63.0
740,crabominable,740,17,1800,fighting,ice,132.0,77.0,97.0,62.0,67.0,43.0
741,oricorio-baile,741,6,34,fire,flying,70.0,70.0,75.0,98.0,70.0,93.0
742,cutiefly,742,1,2,bug,fairy,45.0,40.0,40.0,55.0,40.0,84.0
743,ribombee,743,2,5,bug,fairy,55.0,60.0,60.0,95.0,70.0,124.0
744,rockruff,744,5,92,rock,,65.0,40.0,45.0,30.0,40.0,60.0
745,lycanroc-midday,745,8,250,rock,,115.0,65.0,75.0,55.0,65.0,112.0
746,wishiwashi-solo,746,2,3,water,,20.0,20.0,45.0,25.0,25.0,40.0
747,mareanie,747,4,80,poison,water,53.0,62.0,50.0,43.0,52.0,45.0
748,toxapex,748,7,145,poison,water,63.0,152.0,50.0,53.0,142.0,35.0
749,mudbray,749,10,1100,ground,,100.0,70.0,70.0,45.0,55.0,45.0
750,mudsdale,750,25,9200,ground,,125.0,100.0,100.0,55.0,85.0,35.0
751,dewpider,751,3,40,water,bug,40.0,52.0,38.0,40.0,72.0,27.0
752,araquanid,752,18,820,water,bug,70.0,92.0,68.0,50.0,132.0,42.0
753,fomantis,753,3,15,grass,,55.0,35.0,40.0,50.0,35.0,35.0
754,lurantis,754,9,185,grass,,105.0,90.0,70.0,80.0,90.0,45.0
755,morelull,755,2,15,grass,fairy,35.0,55.0,40.0,65.0,75.0,15.0
756,shiinotic,756,10,115,grass,fairy,45.0,80.0,60.0,90.0,100.0,30.0
757,salandit,757,6,48,poison,fire,44.0,40.0,48.0,71.0,40.0,77.0
758,salazzle,758,12,222,poison,fire,64.0,60.0,68.0,111.0,60.0,117.0
759,stufful,759,5,68,normal,fighting,75.0,50.0,70.0,45.0,50.0,50.0
760,bewear,760,21,1350,normal,fighting,125.0,80.0,120.0,55.0,60.0,60.0
761,bounsweet,761,3,32,grass,,30.0,38.0,42.0,30.0,38.0,32.0
762,steenee,762,7,82,grass,,40.0,48.0,52.0,40.0,48.0,62.0
763,tsareena,763,12,214,grass,,120.0,98.0,72.0,50.0,98.0,72.0
764,comfey,764,1,3,fairy,,52.0,90.0,51.0,82.0,110.0,100.0
765,oranguru,765,15,760,normal,psychic,60.0,80.0,90.0,90.0,110.0,60.0
766,passimian,766,20,828,fighting,,120.0,90.0,100.0,40.0,60.0,80.0
767,wimpod,767,5,120,bug,water,35.0,40.0,25.0,20.0,30.0,80.0
768,golisopod,768,20,1080,bug,water,125.0,140.0,75.0,60.0,90.0,40.0
769,sandygast,769,5,700,ghost,ground,55.0,80.0,55.0,70.0,45.0,15.0
770,palossand,770,13,2500,ghost,ground,75.0,110.0,85.0,100.0,75.0,35.0
771,pyukumuku,771,3,12,water,,60.0,130.0,55.0,30.0,130.0,5.0
772,type-null,772,19,1205,normal,,95.0,95.0,95.0,95.0,95.0,59.0
773,silvally,773,23,1005,normal,,95.0,95.0,95.0,95.0,95.0,95.0
774,minior-red-meteor,774,3,400,rock,flying,60.0,100.0,60.0,60.0,100.0,60.0
775,komala,775,4,199,normal,,115.0,65.0,65.0,75.0,95.0,65.0
776,turtonator,776,20,2120,fire,dragon,78.0,135.0,60.0,91.0,85.0,36.0
777,togedemaru,777,3,33,electric,steel,98.0,63.0,65.0,40.0,73.0,96.0
778,mimikyu-disguised,778,2,7,ghost,fairy,90.0,80.0,55.0,50.0,105.0,96.0
779,bruxish,779,9,190,water,psychic,105.0,70.0,68.0,70.0,70.0,92.0
780,drampa,780,30,1850,normal,dragon,60.0,85.0,78.0,135.0,91.0,36.0
781,dhelmise,781,39,2100,ghost,grass,131.0,100.0,70.0,86.0,90.0,40.0
782,jangmo-o,782,6,297,dragon,,55.0,65.0,45.0,45.0,45.0,45.0
783,hakamo-o,783,12,470,dragon,fighting,75.0,90.0,55.0,65.0,70.0,65.0
784,kommo-o,784,16,782,dragon,fighting,110.0,125.0,75.0,100.0,105.0,85.0
785,tapu-koko,785,18,205,electric,fairy,115.0,85.0,70.0,95.0,75.0,130.0
786,tapu-lele,786,12,186,psychic,fairy,85.0,75.0,70.0,130.0,115.0,95.0
787,tapu-bulu,787,19,455,grass,fairy,130.0,115.0,70.0,85.0,95.0,75.0
788,tapu-fini,788,13,212,water,fairy,75.0,115.0,70.0,95.0,130.0,85.0
789,cosmog,789,2,1,psychic,,29.0,31.0,43.0,29.0,31.0,37.0
790,cosmoem,790,1,9999,psychic,,29.0,131.0,43.0,29.0,131.0,37.0
791,solgaleo,791,34,2300,psychic,steel,137.0,107.0,137.0,113.0,89.0,97.0
792,lunala,792,40,1200,psychic,ghost,113.0,89.0,137.0,137.0,107.0,97.0
793,nihilego,793,12,555,rock,poison,53.0,47.0,109.0,127.0,131.0,103.0
794,buzzwole,794,24,3336,bug,fighting,139.0,139.0,107.0,53.0,53.0,79.0
795,pheromosa,795,18,250,bug,fighting,137.0,37.0,71.0,137.0,37.0,151.0
796,xurkitree,796,38,1000,electric,,89.0,71.0,83.0,173.0,71.0,83.0
797,celesteela,797,92,9999,steel,flying,101.0,103.0,97.0,107.0,101.0,61.0
798,kartana,798,3,1,grass,steel,181.0,131.0,59.0,59.0,31.0,109.0
799,guzzlord,799,55,8880,dark,dragon,101.0,53.0,223.0,97.0,53.0,43.0
800,necrozma,800,24,2300,psychic,,107.0,101.0,97.0,127.0,89.0,79.0
801,magearna,801,10,805,steel,fairy,95.0,115.0,80.0,130.0,115.0,65.0
802,marshadow,802,7,222,fighting,ghost,125.0,80.0,90.0,90.0,90.0,125.0
803,poipole,803,6,18,poison,,73.0,67.0,67.0,73.0,67.0,73.0
804,naganadel,804,36,1500,poison,dragon,73.0,73.0,73.0,127.0,73.0,121.0
805,stakataka,805,55,8200,rock,steel,131.0,211.0,61.0,53.0,101.0,13.0
806,blacephalon,806,18,130,fire,ghost,127.0,53.0,53.0,151.0,79.0,107.0
807,zeraora,807,15,445,electric,,112.0,75.0,88.0,102.0,80.0,143.0
808,meltan,808,2,80,steel,,65.0,65.0,46.0,55.0,35.0,34.0
809,melmetal,809,25,8000,steel,,143.0,143.0,135.0,80.0,65.0,34.0
810,grookey,810,3,50,grass,,65.0,50.0,50.0,40.0,40.0,65.0
811,thwackey,811,7,140,grass,,85.0,70.0,70.0,55.0,60.0,80.0
812,rillaboom,812,21,900,grass,,125.0,90.0,100.0,60.0,70.0,85.0
813,scorbunny,813,3,45,fire,,71.0,40.0,50.0,40.0,40.0,69.0
814,raboot,814,6,90,fire,,86.0,60.0,65.0,55.0,60.0,94.0
815,cinderace,815,14,330,fire,,116.0,75.0,80.0,65.0,75.0,119.0
816,sobble,816,3,40,water,,40.0,40.0,50.0,70.0,40.0,70.0
817,drizzile,817,7,115,water,,60.0,55.0,65.0,95.0,55.0,90.0
818,inteleon,818,19,452,water,,85.0,65.0,70.0,125.0,65.0,120.0
819,skwovet,819,3,25,normal,,55.0,55.0,70.0,35.0,35.0,25.0
820,greedent,820,6,60,normal,,95.0,95.0,120.0,55.0,75.0,20.0
821,rookidee,821,2,18,flying,,47.0,35.0,38.0,33.0,35.0,57.0
822,corvisquire,822,8,160,flying,,67.0,55.0,68.0,43.0,55.0,77.0
823,corviknight,823,22,750,flying,steel,87.0,105.0,98.0,53.0,85.0,67.0
824,blipbug,824,4,80,bug,,20.0,20.0,25.0,25.0,45.0,45.0
825,dottler,825,4,195,bug,psychic,35.0,80.0,50.0,50.0,90.0,30.0
826,orbeetle,826,4,408,bug,psychic,45.0,110.0,60.0,80.0,120.0,90.0
827,nickit,827,6,89,dark,,28.0,28.0,40.0,47.0,52.0,50.0
828,thievul,828,12,199,dark,,58.0,58.0,70.0,87.0,92.0,90.0
829,gossifleur,829,4,22,grass,,40.0,60.0,40.0,40.0,60.0,10.0
830,eldegoss,830,5,25,grass,,50.0,90.0,60.0,80.0,120.0,60.0
831,wooloo,831,6,60,normal,,40.0,55.0,42.0,40.0,45.0,48.0
832,dubwool,832,13,430,normal,,80.0,100.0,72.0,60.0,90.0,88.0
833,chewtle,833,3,85,water,,64.0,50.0,50.0,38.0,38.0,44.0
834,drednaw,834,10,1155,water,rock,115.0,90.0,90.0,48.0,68.0,74.0
835,yamper,835,3,135,electric,,45.0,50.0,59.0,40.0,50.0,26.0
836,boltund,836,10,340,electric,,90.0,60.0,69.0,90.0,60.0,121.0
837,rolycoly,837,3,120,rock,,40.0,50.0,30.0,40.0,50.0,30.0
838,carkol,838,11,780,rock,fire,60.0,90.0,80.0,60.0,70.0,50.0
839,coalossal,839,28,3105,rock,fire,80.0,120.0,110.0,80.0,90.0,30.0
840,applin,840,2,5,grass,dragon,40.0,80.0,40.0,40.0,40.0,20.0
841,flapple,841,3,10,grass,dragon,110.0,80.0,70.0,95.0,60.0,70.0
842,appletun,842,4,130,grass,dragon,85.0,80.0,110.0,100.0,80.0,30.0
843,silicobra,843,22,76,ground,,57.0,75.0,52.0,35.0,50.0,46.0
844,sandaconda,844,38,655,ground,,107.0,125.0,72.0,65.0,70.0,71.0
845,cramorant,845,8,180,flying,water,85.0,55.0,70.0,85.0,95.0,85.0
846,arrokuda,846,5,10,water,,63.0,40.0,41.0,40.0,30.0,66.0
847,barraskewda,847,13,300,water,,123.0,60.0,61.0,60.0,50.0,136.0
848,toxel,848,4,110,electric,poison,38.0,35.0,40.0,54.0,35.0,40.0
849,toxtricity-amped,849,16,400,electric,poison,98.0,70.0,75.0,114.0,70.0,75.0
850,sizzlipede,850,7,10,fire,bug,65.0,45.0,50.0,50.0,50.0,45.0
851,centiskorch,851,30,1200,fire,bug,115.0,65.0,100.0,90.0,90.0,65.0
852,clobbopus,852,6,40,fighting,,68.0,60.0,50.0,50.0,50.0,32.0
853,grapploct,853,16,390,fighting,,118.0,90.0,80.0,70.0,80.0,42.0
854,sinistea,854,1,2,ghost,,45.0,45.0,40.0,74.0,54.0,50.0
855,polteageist,855,2,4,ghost,,65.0,65.0,60.0,134.0,114.0,70.0
856,hatenna,856,4,34,psychic,,30.0,45.0,42.0,56.0,53.0,39.0
857,hattrem,857,6,48,psychic,,40.0,65.0,57.0,86.0,73.0,49.0
858,hatterene,858,21,51,psychic,fairy,90.0,95.0,57.0,136.0,103.0,29.0
859,impidimp,859,4,55,dark,fairy,45.0,30.0,45.0,55.0,40.0,50.0
860,morgrem,860,8,125,dark,fairy,60.0,45.0,65.0,75.0,55.0,70.0
861,grimmsnarl,861,15,610,dark,fairy,120.0,65.0,95.0,95.0,75.0,60.0
862,obstagoon,862,16,460,dark,normal,90.0,101.0,93.0,60.0,81.0,95.0
863,perrserker,863,8,280,steel,,110.0,100.0,70.0,50.0,60.0,50.0
864,cursola,864,10,4,ghost,,95.0,50.0,60.0,145.0,130.0,30.0
865,sirfetchd,865,8,1170,fighting,,135.0,95.0,62.0,68.0,82.0,65.0
866,mr-rime,866,15,582,ice,psychic,85.0,75.0,80.0,110.0,100.0,70.0
867,runerigus,867,16,666,ground,ghost,95.0,145.0,58.0,50.0,105.0,30.0
868,milcery,868,2,3,fairy,,40.0,40.0,45.0,50.0,61.0,34.0
869,alcremie,869,3,5,fairy,,60.0,75.0,65.0,110.0,121.0,64.0
870,falinks,870,30,620,fighting,,100.0,100.0,65.0,70.0,60.0,75.0
871,pincurchin,871,3,10,electric,,101.0,95.0,48.0,91.0,85.0,15.0
872,snom,872,3,38,ice,bug,25.0,35.0,30.0,45.0,30.0,20.0
873,frosmoth,873,13,420,ice,bug,65.0,60.0,70.0,125.0,90.0,65.0
874,stonjourner,874,25,5200,rock,,125.0,135.0,100.0,20.0,20.0,70.0
875,eiscue-ice,875,14,890,ice,,80.0,110.0,75.0,65.0,90.0,50.0
876,indeedee-male,876,9,280,psychic,normal,65.0,55.0,60.0,105.0,95.0,95.0
877,morpeko-full-belly,877,3,30,electric,dark,95.0,58.0,58.0,70.0,58.0,97.0
878,cufant,878,12,1000,steel,,80.0,49.0,72.0,40.0,49.0,40.0
879,copperajah,879,30,6500,steel,,130.0,69.0,122.0,80.0,69.0,30.0
880,dracozolt,880,18,1900,electric,dragon,100.0,90.0,90.0,80.0,70.0,75.0
881,arctozolt,881,23,1500,electric,ice,100.0,90.0,90.0,90.0,80.0,55.0
882,dracovish,882,23,2150,water,dragon,90.0,100.0,90.0,70.0,80.0,75.0
883,arctovish,883,20,1750,water,ice,90.0,100.0,90.0,80.0,90.0,55.0
884,duraludon,884,18,400,steel,dragon,95.0,115.0,70.0,120.0,50.0,85.0
885,dreepy,885,5,20,dragon,ghost,60.0,30.0,28.0,40.0,30.0,82.0
886,drakloak,886,14,110,dragon,ghost,80.0,50.0,68.0,60.0,50.0,102.0
887,dragapult,887,30,500,dragon,ghost,120.0,75.0,88.0,100.0,75.0,142.0
888,zacian,888,28,1100,fairy,,120.0,115.0,92.0,80.0,115.0,138.0
889,zamazenta,889,29,2100,fighting,,120.0,115.0,92.0,80.0,115.0,138.0
890,eternatus,890,200,9500,poison,dragon,85.0,95.0,140.0,145.0,95.0,130.0
891,kubfu,891,6,120,fighting,,90.0,60.0,60.0,53.0,50.0,72.0
892,urshifu-single-strike,892,19,1050,fighting,dark,130.0,100.0,100.0,63.0,60.0,97.0
893,zarude,893,18,700,dark,grass,120.0,105.0,105.0,70.0,95.0,105.0
894,regieleki,894,12,1450,electric,,100.0,50.0,80.0,100.0,50.0,200.0
895,regidrago,895,21,2000,dragon,,100.0,50.0,200.0,100.0,50.0,80.0
896,glastrier,896,22,8000,ice,,145.0,130.0,100.0,65.0,110.0,30.0
897,spectrier,897,20,445,ghost,,65.0,60.0,100.0,145.0,80.0,130.0
898,calyrex,898,11,77,psychic,grass,80.0,80.0,100.0,80.0,80.0,80.0
906,sprigatito,906,4,41,grass,,61.0,54.0,40.0,45.0,45.0,65.0
907,floragato,907,9,122,grass,,80.0,63.0,61.0,60.0,63.0,83.0
908,meowscarada,908,15,312,grass,dark,110.0,70.0,76.0,81.0,70.0,123.0
909,fuecoco,909,4,98,fire,,45.0,59.0,67.0,63.0,40.0,36.0
910,crocalor,910,10,307,fire,,55.0,78.0,81.0,90.0,58.0,49.0
911,skeledirge,911,16,3265,fire,ghost,75.0,100.0,104.0,110.0,75.0,66.0
912,quaxly,912,5,61,water,,65.0,45.0,55.0,50.0,45.0,50.0
913,quaxwell,913,12,215,water,,85.0,65.0,70.0,65.0,60.0,65.0
914,quaquaval,914,18,619,water,fighting,120.0,80.0,85.0,85.0,75.0,85.0
915,lechonk,915,5,102,normal,,45.0,40.0,54.0,35.0,45.0,35.0
916,oinkologne-male,916,10,1200,normal,,100.0,75.0,110.0,59.0,80.0,65.0
917,tarountula,917,3,40,bug,,41.0,45.0,35.0,29.0,40.0,20.0
918,spidops,918,10,165,bug,,79.0,92.0,60.0,52.0,86.0,35.0
919,nymble,919,2,10,bug,,46.0,40.0,33.0,21.0,25.0,45.0
920,lokix,920,10,175,bug,dark,102.0,78.0,71.0,52.0,55.0,92.0
921,pawmi,921,3,25,electric,,50.0,20.0,45.0,40.0,25.0,60.0
922,pawmo,922,4,65,electric,fighting,75.0,40.0,60.0,50.0,40.0,85.0
923,pawmot,923,9,410,electric,fighting,115.0,70.0,70.0,70.0,60.0,105.0
924,tandemaus,924,3,18,normal,,50.0,45.0,50.0,40.0,45.0,75.0
925,maushold-family-of-four,925,3,23,normal,,75.0,70.0,74.0,65.0,75.0,111.0
926,fidough,926,3,109,fairy,,55.0,70.0,37.0,30.0,55.0,65.0
927,dachsbun,927,5,149,fairy,,80.0,115.0,57.0,50.0,80.0,95.0
928,smoliv,928,3,65,grass,normal,35.0,45.0,41.0,58.0,51.0,30.0
929,dolliv,929,6,119,grass,normal,53.0,60.0,52.0,78.0,78.0,33.0
930,arboliva,930,14,482,grass,normal,69.0,90.0,78.0,125.0,109.0,39.0
931,squawkabilly-green-plumage,931,6,24,normal,flying,96.0,51.0,82.0,45.0,51.0,92.0
932,nacli,932,4,160,rock,,55.0,75.0,55.0,35.0,35.0,25.0
933,naclstack,933,6,1050,rock,,60.0,100.0,60.0,35.0,65.0,35.0
934,garganacl,934,23,2400,rock,,100.0,130.0,100.0,45.0,90.0,35.0
935,charcadet,935,6,105,fire,,50.0,40.0,40.0,50.0,40.0,35.0
936,armarouge,936,15,850,fire,psychic,60.0,100.0,85.0,125.0,80.0,75.0
937,ceruledge,937,16,620,fire,ghost,125.0,80.0,75.0,60.0,100.0,85.0
938,tadbulb,938,3,4,electric,,31.0,41.0,61.0,59.0,35.0,45.0
939,bellibolt,939,12,1130,electric,,64.0,91.0,109.0,103.0,83.0,45.0
940,wattrel,940,4,36,electric,flying,40.0,35.0,40.0,55.0,40.0,70.0
941,kilowattrel,941,14,386,electric,flying,70.0,60.0,70.0,105.0,60.0,125.0
942,maschiff,942,5,160,dark,,78.0,60.0,60.0,40.0,51.0,51.0
943,mabosstiff,943,11,610,dark,,120.0,90.0,80.0,60.0,70.0,85.0
944,shroodle,944,2,7,poison,normal,65.0,35.0,40.0,40.0,35.0,75.0
945,grafaiai,945,7,272,poison,normal,95.0,65.0,63.0,80.0,72.0,110.0
946,bramblin,946,6,6,grass,ghost,65.0,30.0,40.0,45.0,35.0,60.0
947,brambleghast,947,12,60,grass,ghost,115.0,70.0,55.0,80.0,70.0,90.0
948,toedscool,948,9,330,ground,grass,40.0,35.0,40.0,50.0,100.0,70.0
949,toedscruel,949,19,580,ground,grass,70.0,65.0,80.0,80.0,120.0,100.0
950,klawf,950,13,790,rock,,100.0,115.0,70.0,35.0,55.0,75.0
951,capsakid,951,3,30,grass,,62.0,40.0,50.0,62.0,40.0,50.0
952,scovillain,952,9,150,grass,fire,108.0,65.0,65.0,108.0,65.0,75.0
953,rellor,953,2,10,bug,,50.0,60.0,41.0,31.0,58.0,30.0
954,rabsca,954,3,35,bug,psychic,50.0,85.0,75.0,115.0,100.0,45.0
955,flittle,955,2,15,psychic,,35.0,30.0,30.0,55.0,30.0,75.0
956,espathra,956,19,900,psychic,,60.0,60.0,95.0,101.0,60.0,105.0
957,tinkatink,957,4,89,fairy,steel,45.0,45.0,50.0,35.0,64.0,58.0
958,tinkatuff,958,7,591,fairy,steel,55.0,55.0,65.0,45.0,82.0,78.0
959,tinkaton,959,7,1128,fairy,steel,75.0,77.0,85.0,70.0,105.0,94.0
960,wiglett,960,12,18,water,,55.0,25.0,10.0,35.0,25.0,95.0
961,wugtrio,961,12,54,water,,100.0,50.0,35.0,50.0,70.0,120.0
962,bombirdier,962,15,429,flying,dark,103.0,85.0,70.0,60.0,85.0,82.0
963,finizen,963,13,602,water,,45.0,40.0,70.0,45.0,40.0,75.0
964,palafin-zero,964,13,602,water,,70.0,72.0,100.0,53.0,62.0,100.0
965,varoom,965,10,350,steel,poison,70.0,63.0,45.0,30.0,45.0,47.0
966,revavroom,966,18,1200,steel,poison,119.0,90.0,80.0,54.0,67.0,90.0
967,cyclizar,967,16,630,dragon,normal,95.0,65.0,70.0,85.0,65.0,121.0
968,orthworm,968,25,3100,steel,,85.0,145.0,70.0,60.0,55.0,65.0
969,glimmet,969,7,80,rock,poison,35.0,42.0,48.0,105.0,60.0,60.0
970,glimmora,970,15,450,rock,poison,55.0,90.0,83.0,130.0,81.0,86.0
971,greavard,971,6,350,ghost,,61.0,60.0,50.0,30.0,55.0,34.0
972,houndstone,972,20,150,ghost,,101.0,100.0,72.0,50.0,97.0,68.0
973,flamigo,973,16,370,flying,fighting,115.0,74.0,82.0,75.0,64.0,90.0
974,cetoddle,974,12,450,ice,,68.0,45.0,108.0,30.0,40.0,43.0
975,cetitan,975,45,7000,ice,,113.0,65.0,170.0,45.0,55.0,73.0
976,veluza,976,25,900,water,psychic,102.0,73.0,90.0,78.0,65.0,70.0
977,dondozo,977,120,2200,water,,100.0,115.0,150.0,65.0,65.0,35.0
978,tatsugiri-curly,978,3,80,dragon,water,50.0,60.0,68.0,120.0,95.0,82.0
979,annihilape,979,12,560,fighting,ghost,115.0,80.0,110.0,50.0,90.0,90.0
980,clodsire,980,18,2230,poison,ground,75.0,60.0,130.0,45.0,100.0,20.0
981,farigiraf,981,32,1600,normal,psychic,90.0,70.0,120.0,110.0,70.0,60.0
982,dudunsparce-two-segment,982,36,392,normal,,100.0,80.0,125.0,85.0,75.0,55.0
983,kingambit,983,20,1200,dark,steel,135.0,120.0,100.0,60.0,85.0,50.0
984,great-tusk,984,22,3200,ground,fighting,131.0,131.0,115.0,53.0,53.0,87.0
985,scream-tail,985,12,80,fairy,psychic,65.0,99.0,115.0,65.0,115.0,111.0
986,brute-bonnet,986,12,210,grass,dark,127.0,99.0,111.0,79.0,99.0,55.0
987,flutter-mane,987,14,40,ghost,fairy,55.0,55.0,55.0,135.0,135.0,135.0
988,slither-wing,988,32,920,bug,fighting,135.0,79.0,85.0,85.0,105.0,81.0
989,sandy-shocks,989,23,600,electric,ground,81.0,97.0,85.0,121.0,85.0,101.0
990,iron-treads,990,9,2400,ground,steel,112.0,120.0,90.0,72.0,70.0,106.0
991,iron-bundle,991,6,110,ice,water,80.0,114.0,56.0,124.0,60.0,136.0
992,iron-hands,992,18,3807,fighting,electric,140.0,108.0,154.0,50.0,68.0,50.0
993,iron-jugulis,993,13,1110,dark,flying,80.0,86.0,94.0,122.0,80.0,108.0
994,iron-moth,994,12,360,fire,poison,70.0,60.0,80.0,140.0,110.0,110.0
995,iron-thorns,995,16,3030,rock,electric,134.0,110.0,100.0,70.0,84.0,72.0
996,frigibax,996,5,170,dragon,ice,75.0,45.0,65.0,35.0,45.0,55.0
997,arctibax,997,8,300,dragon,ice,95.0,66.0,90.0,45.0,65.0,62.0
998,baxcalibur,998,21,2100,dragon,ice,145.0,92.0,115.0,75.0,86.0,87.0
999,gimmighoul,999,3,50,ghost,,30.0,70.0,45.0,75.0,70.0,10.0
1000,gholdengo,1000,12,300,steel,ghost,60.0,95.0,87.0,133.0,91.0,84.0
1001,wo-chien,1001,15,742,dark,grass,85.0,100.0,85.0,95.0,135.0,70.0
1002,chien-pao,1002,19,1522,dark,ice,120.0,80.0,80.0,90.0,65.0,135.0
1003,ting-lu,1003,27,6997,dark,ground,110.0,125.0,155.0,55.0,80.0,45.0
1004,chi-yu,1004,4,49,dark,fire,80.0,80.0,55.0,135.0,120.0,100.0
1005,roaring-moon,1005,20,3800,dragon,dark,139.0,71.0,105.0,55.0,101.0,119.0
1006,iron-valiant,1006,14,350,fairy,fighting,130.0,90.0,74.0,120.0,60.0,116.0
1007,koraidon,1007,25,3030,fighting,dragon,135.0,115.0,100.0,85.0,100.0,135.0
1008,miraidon,1008,35,2400,electric,dragon,85.0,100.0,100.0,135.0,115.0,135.0
1009,walking-wake,1009,35,2800,water,dragon,83.0,91.0,99.0,125.0,83.0,109.0
1010,iron-leaves,1010,15,1250,grass,psychic,130.0,88.0,90.0,70.0,108.0,104.0
1011,dipplin,1011,4,97,grass,dragon,80.0,110.0,80.0,95.0,80.0,40.0
1012,poltchageist,1012,1,11,grass,ghost,45.0,45.0,40.0,74.0,54.0,50.0
1013,sinistcha,1013,2,22,grass,ghost,60.0,106.0,71.0,121.0,80.0,70.0
1014,okidogi,1014,18,922,poison,fighting,128.0,115.0,88.0,58.0,86.0,80.0
1015,munkidori,1015,10,122,poison,psychic,75.0,66.0,88.0,130.0,90.0,106.0
1016,fezandipiti,1016,14,301,poison,fairy,91.0,82.0,88.0,70.0,125.0,99.0
1017,ogerpon,1017,12,398,grass,,120.0,84.0,80.0,60.0,96.0,110.0
1018,archaludon,1018,20,600,steel,dragon,105.0,130.0,90.0,125.0,65.0,85.0
1019,hydrapple,1019,18,930,grass,dragon,80.0,110.0,106.0,120.0,80.0,44.0
1020,gouging-fire,1020,35,5900,fire,dragon,115.0,121.0,105.0,65.0,93.0,91.0
1021,raging-bolt,1021,52,4800,electric,dragon,73.0,91.0,125.0,137.0,89.0,75.0
1022,iron-boulder,1022,15,1625,rock,psychic,120.0,80.0,90.0,68.0,108.0,124.0
1023,iron-crown,1023,16,1560,steel,psychic,72.0,100.0,90.0,122.0,108.0,98.0
1024,terapagos,1024,2,65,normal,,65.0,85.0,90.0,65.0,85.0,60.0
1025,pecharunt,1025,3,3,poison,ghost,88.0,160.0,88.0,88.0,88.0,88.0
10001,deoxys-attack,386,17,608,psychic,,180.0,20.0,50.0,180.0,20.0,150.0
10002,deoxys-defense,386,17,608,psychic,,70.0,160.0,50.0,70.0,160.0,90.0
10003,deoxys-speed,386,17,608,psychic,,95.0,90.0,50.0,95.0,90.0,180.0
10004,wormadam-sandy,413,5,65,bug,ground,79.0,105.0,60.0,59.0,85.0,36.0
10005,wormadam-trash,413,5,65,bug,steel,69.0,95.0,60.0,69.0,95.0,36.0
10006,shaymin-sky,492,4,52,grass,flying,103.0,75.0,100.0,120.0,75.0,127.0
10007,giratina-origin,487,69,6500,ghost,dragon,120.0,100.0,150.0,120.0,100.0,90.0
10008,rotom-heat,479,3,3,electric,fire,65.0,107.0,50.0,105.0,107.0,86.0
10009,rotom-wash,479,3,3,electric,water,65.0,107.0,50.0,105.0,107.0,86.0
10010,rotom-frost,479,3,3,electric,ice,65.0,107.0,50.0,105.0,107.0,86.0
10011,rotom-fan,479,3,3,electric,flying,65.0,107.0,50.0,105.0,107.0,86.0
10012,rotom-mow,479,3,3,electric,grass,65.0,107.0,50.0,105.0,107.0,86.0
10013,castform-sunny,351,3,8,fire,,70.0,70.0,70.0,70.0,70.0,70.0
10014,castform-rainy,351,3,8,water,,70.0,70.0,70.0,70.0,70.0,70.0
10015,castform-snowy,351,3,8,ice,,70.0,70.0,70.0,70.0,70.0,70.0
10016,basculin-blue-striped,550,10,180,water,,92.0,65.0,70.0,80.0,55.0,98.0
10017,darmanitan-zen,555,13,929,fire,psychic,30.0,105.0,105.0,140.0,105.0,55.0
10018,meloetta-pirouette,648,6,65,normal,fighting,128.0,90.0,100.0,77.0,77.0,128.0
10019,tornadus-therian,641,14,630,flying,,100.0,80.0,79.0,110.0,90.0,121.0
10020,thundurus-therian,642,30,610,electric,flying,105.0,70.0,79.0,145.0,80.0,101.0
10021,landorus-therian,645,13,680,ground,flying,145.0,90.0,89.0,105.0,80.0,91.0
10022,kyurem-black,646,33,3250,dragon,ice,170.0,100.0,125.0,120.0,90.0,95.0
10023,kyurem-white,646,36,3250,dragon,ice,120.0,90.0,125.0,170.0,100.0,95.0
10024,keldeo-resolute,647,14,485,water,fighting,72.0,90.0,91.0,129.0,90.0,108.0
10025,meowstic-female,678,6,85,psychic,,48.0,76.0,74.0,83.0,81.0,104.0
10026,aegislash-blade,681,17,530,steel,ghost,140.0,50.0,60.0,140.0,50.0,60.0
10027,pumpkaboo-small,710,3,35,ghost,grass,66.0,70.0,44.0,44.0,55.0,56.0
10028,pumpkaboo-large,710,5,75,ghost,grass,66.0,70.0,54.0,44.0,55.0,46.0
10029,pumpkaboo-super,710,8,150,ghost,grass,66.0,70.0,59.0,44.0,55.0,41.0
10030,gourgeist-small,711,7,95,ghost,grass,85.0,122.0,55.0,58.0,75.0,99.0
10031,gourgeist-large,711,11,140,ghost,grass,95.0,122.0,75.0,58.0,75.0,69.0
10032,gourgeist-super,711,17,390,ghost,grass,100.0,122.0,85.0,58.0,75.0,54.0
10033,venusaur-mega,3,24,1555,grass,poison,100.0,123.0,80.0,122.0,120.0,80.0
10034,charizard-mega-x,6,17,1105,fire,dragon,130.0,111.0,78.0,130.0,85.0,100.0
10035,charizard-mega-y,6,17,1005,fire,flying,104.0,78.0,78.0,159.0,115.0,100.0
10036,blastoise-mega,9,16,1011,water,,103.0,120.0,79.0,135.0,115.0,78.0
10037,alakazam-mega,65,12,480,psychic,,50.0,65.0,55.0,175.0,105.0,150.0
10038,gengar-mega,94,14,405,ghost,poison,65.0,80.0,60.0,170.0,95.0,130.0
10039,kangaskhan-mega,115,22,1000,normal,,125.0,100.0,105.0,60.0,100.0,100.0
10040,pinsir-mega,127,17,590,bug,flying,155.0,120.0,65.0,65.0,90.0,105.0
10041,gyarados-mega,130,65,3050,water,dark,155.0,109.0,95.0,70.0,130.0,81.0
10042,aerodactyl-mega,142,21,790,rock,flying,135.0,85.0,80.0,70.0,95.0,150.0
10043,mewtwo-mega-x,150,23,1270,psychic,fighting,190.0,100.0,106.0,154.0,100.0,130.0
10044,mewtwo-mega-y,150,15,330,psychic,,150.0,70.0,106.0,194.0,120.0,140.0
10045,ampharos-mega,181,14,615,electric,dragon,95.0,105.0,90.0,165.0,110.0,45.0
10046,scizor-mega,212,20,1250,bug,steel,150.0,140.0,70.0,65.0,100.0,75.0
10047,heracross-mega,214,17,625,bug,fighting,185.0,115.0,80.0,40.0,105.0,75.0
10048,houndoom-mega,229,19,495,dark,fire,90.0,90.0,75.0,140.0,90.0,115.0
10049,tyranitar-mega,248,25,2550,rock,dark,164.0,150.0,100.0,95.0,120.0,71.0
10050,blaziken-mega,257,19,520,fire,fighting,160.0,80.0,80.0,130.0,80.0,100.0
10051,gardevoir-mega,282,16,484,psychic,fairy,85.0,65.0,68.0,165.0,135.0,100.0
10052,mawile-mega,303,10,235,steel,fairy,105.0,125.0,50.0,55.0,95.0,50.0
10053,aggron-mega,306,22,3950,steel,,140.0,230.0,70.0,60.0,80.0,50.0
10054,medicham-mega,308,13,315,fighting,psychic,100.0,85.0,60.0,80.0,85.0,100.0
10055,manectric-mega,310,18,440,electric,,75.0,80.0,70.0,135.0,80.0,135.0
10056,banette-mega,354,12,130,ghost,,165.0,75.0,64.0,93.0,83.0,75.0
10057,absol-mega,359,12,490,dark,,150.0,60.0,65.0,115.0,60.0,115.0
10058,garchomp-mega,445,19,950,dragon,ground,170.0,115.0,108.0,120.0,95.0,92.0
10059,lucario-mega,448,13,575,fighting,steel,145.0,88.0,70.0,140.0,70.0,112.0
10060,abomasnow-mega,460,27,1850,grass,ice,132.0,105.0,90.0,132.0,105.0,30.0
10061,floette-eternal,670,2,9,fairy,,65.0,67.0,74.0,125.0,128.0,92.0
10062,latias-mega,380,18,520,dragon,psychic,100.0,120.0,80.0,140.0,150.0,110.0
10063,latios-mega,381,23,700,dragon,psychic,130.0,100.0,80.0,160.0,120.0,110.0
10064,swampert-mega,260,19,1020,water,ground,150.0,110.0,100.0,95.0,110.0,70.0
10065,sceptile-mega,254,19,552,grass,dragon,110.0,75.0,70.0,145.0,85.0,145.0
10066,sableye-mega,302,5,1610,dark,ghost,85.0,125.0,50.0,85.0,115.0,20.0
10067,altaria-mega,334,15,206,dragon,fairy,110.0,110.0,75.0,110.0,105.0,80.0
10068,gallade-mega,475,16,564,psychic,fighting,165.0,95.0,68.0,65.0,115.0,110.0
10069,audino-mega,531,15,320,normal,fairy,60.0,126.0,103.0,80.0,126.0,50.0
10070,sharpedo-mega,319,25,1303,water,dark,140.0,70.0,70.0,110.0,65.0,105.0
10071,slowbro-mega,80,20,1200,water,psychic,75.0,180.0,95.0,130.0,80.0,30.0
10072,steelix-mega,208,105,7400,steel,ground,125.0,230.0,75.0,55.0,95.0,30.0
10073,pidgeot-mega,18,22,505,normal,flying,80.0,80.0,83.0,135.0,80.0,121.0
10074,glalie-mega,362,21,3502,ice,,120.0,80.0,80.0,120.0,80.0,100.0
10075,diancie-mega,719,11,278,rock,fairy,160.0,110.0,50.0,160.0,110.0,110.0
10076,metagross-mega,376,25,9429,steel,psychic,145.0,150.0,80.0,105.0,110.0,110.0
10077,kyogre-primal,382,98,4300,water,,150.0,90.0,100.0,180.0,160.0,90.0
10078,groudon-primal,383,50,9997,ground,fire,180.0,160.0,100.0,150.0,90.0,90.0
10079,rayquaza-mega,384,108,3920,dragon,flying,180.0,100.0,105.0,180.0,100.0,115.0
10080,pikachu-rock-star,25,4,60,electric,,55.0,40.0,35.0,50.0,50.0,90.0
10081,pikachu-belle,25,4,60,electric,,55.0,40.0,35.0,50.0,50.0,90.0
10082,pikachu-pop-star,25,4,60,electric,,55.0,40.0,35.0,50.0,50.0,90.0
10083,pikachu-phd,25,4,60,electric,,55.0,40.0,35.0,50.0,50.0,90.0
10084,pikachu-libre,25,4,60,electric,,55.0,40.0,35.0,50.0,50.0,90.0
10085,pikachu-cosplay,25,4,60,electric,,55.0,40.0,35.0,50.0,50.0,90.0
10086,hoopa-unbound,720,65,4900,psychic,dark,160.0,60.0,80.0,170.0,130.0,80.0
10087,camerupt-mega,323,25,3205,fire,ground,120.0,100.0,70.0,145.0,105.0,20.0
10088,lopunny-mega,428,13,283,normal,fighting,136.0,94.0,65.0,54.0,96.0,135.0
10089,salamence-mega,373,18,1126,dragon,flying,145.0,130.0,95.0,120.0,90.0,120.0
10090,beedrill-mega,15,14,405,bug,poison,150.0,40.0,65.0,15.0,80.0,145.0
10091,rattata-alola,19,3,38,dark,normal,56.0,35.0,30.0,25.0,35.0,72.0
10092,raticate-alola,20,7,255,dark,normal,71.0,70.0,75.0,40.0,80.0,77.0
10093,raticate-totem-alola,20,14,1050,dark,normal,71.0,70.0,75.0,40.0,80.0,77.0
10094,pikachu-original-cap,25,4,60,electric,,55.0,40.0,35.0,50.0,50.0,90.0
10095,pikachu-hoenn-cap,25,4,60,electric,,55.0,40.0,35.0,50.0,50.0,90.0
10096,pikachu-sinnoh-cap,25,4,60,electric,,55.0,40.0,35.0,50.0,50.0,90.0
10097,pikachu-unova-cap,25,4,60,electric,,55.0,40.0,35.0,50.0,50.0,90.0
10098,pikachu-kalos-cap,25,4,60,electric,,55.0,40.0,35.0,50.0,50.0,90.0
10099,pikachu-alola-cap,25,4,60,electric,,55.0,40.0,35.0,50.0,50.0,90.0
10100,raichu-alola,26,7,210,electric,psychic,85.0,50.0,60.0,95.0,85.0,110.0
10101,sandshrew-alola,27,7,400,ice,steel,75.0,90.0,50.0,10.0,35.0,40.0
10102,sandslash-alola,28,12,550,ice,steel,100.0,120.0,75.0,25.0,65.0,65.0
10103,vulpix-alola,37,6,99,ice,,41.0,40.0,38.0,50.0,65.0,65.0
10104,ninetales-alola,38,11,199,ice,fairy,67.0,75.0,73.0,81.0,100.0,109.0
10105,diglett-alola,50,2,10,ground,steel,55.0,30.0,10.0,35.0,45.0,90.0
10106,dugtrio-alola,51,7,666,ground,steel,100.0,60.0,35.0,50.0,70.0,110.0
10107,meowth-alola,52,4,42,dark,,35.0,35.0,40.0,50.0,40.0,90.0
10108,persian-alola,53,11,330,dark,,60.0,60.0,65.0,75.0,65.0,115.0
10109,geodude-alola,74,4,203,rock,electric,80.0,100.0,40.0,30.0,30.0,20.0
10110,graveler-alola,75,10,1100,rock,electric,95.0,115.0,55.0,45.0,45.0,35.0
10111,golem-alola,76,17,3160,rock,electric,120.0,130.0,80.0,55.0,65.0,45.0
10112,grimer-alola,88,7,420,poison,dark,80.0,50.0,80.0,40.0,50.0,25.0
10113,muk-alola,89,10,520,poison,dark,105.0,75.0,105.0,65.0,100.0,50.0
10114,exeggutor-alola,103,109,4156,grass,dragon,105.0,85.0,95.0,125.0,75.0,45.0
10115,marowak-alola,105,10,340,fire,ghost,80.0,110.0,60.0,50.0,80.0,45.0
10116,greninja-battle-bond,658,15,400,water,dark,95.0,67.0,72.0,103.0,71.0,122.0
10117,greninja-ash,658,15,400,water,dark,145.0,67.0,72.0,153.0,71.0,132.0
10118,zygarde-10-power-construct,718,12,335,dragon,ground,100.0,71.0,54.0,61.0,85.0,115.0
10119,zygarde-50-power-construct,718,50,3050,dragon,ground,100.0,121.0,108.0,81.0,95.0,95.0
10120,zygarde-complete,718,45,6100,dragon,ground,100.0,121.0,216.0,91.0,95.0,85.0
10121,gumshoos-totem,735,14,600,normal,,110.0,60.0,88.0,55.0,60.0,45.0
10122,vikavolt-totem,738,26,1475,bug,electric,70.0,90.0,77.0,145.0,75.0,43.0
10123,oricorio-pom-pom,741,6,34,electric,flying,70.0,70.0,75.0,98.0,70.0,93.0
10124,oricorio-pau,741,6,34,psychic,flying,70.0,70.0,75.0,98.0,70.0,93.0
10125,oricorio-sensu,741,6,34,ghost,flying,70.0,70.0,75.0,98.0,70.0,93.0
10126,lycanroc-midnight,745,11,250,rock,,115.0,75.0,85.0,55.0,75.0,82.0
10127,wishiwashi-school,746,82,786,water,,140.0,130.0,45.0,140.0,135.0,30.0
10128,lurantis-totem,754,15,580,grass,,105.0,90.0,70.0,80.0,90.0,45.0
10129,salazzle-totem,758,21,810,poison,fire,64.0,60.0,68.0,111.0,60.0,117.0
10130,minior-orange-meteor,774,3,400,rock,flying,60.0,100.0,60.0,60.0,100.0,60.0
10131,minior-yellow-meteor,774,3,400,rock,flying,60.0,100.0,60.0,60.0,100.0,60.0
10132,minior-green-meteor,774,3,400,rock,flying,60.0,100.0,60.0,60.0,100.0,60.0
10133,minior-blue-meteor,774,3,400,rock,flying,60.0,100.0,60.0,60.0,100.0,60.0
10134,minior-indigo-meteor,774,3,400,rock,flying,60.0,100.0,60.0,60.0,100.0,60.0
10135,minior-violet-meteor,774,3,400,rock,flying,60.0,100.0,60.0,60.0,100.0,60.0
10136,minior-red,774,3,3,rock,flying,100.0,60.0,60.0,100.0,60.0,120.0
10137,minior-orange,774,3,3,rock,flying,100.0,60.0,60.0,100.0,60.0,120.0
10138,minior-yellow,774,3,3,rock,flying,100.0,60.0,60.0,100.0,60.0,120.0
10139,minior-green,774,3,3,rock,flying,100.0,60.0,60.0,100.0,60.0,120.0
10140,minior-blue,774,3,3,rock,flying,100.0,60.0,60.0,100.0,60.0,120.0
10141,minior-indigo,774,3,3,rock,flying,100.0,60.0,60.0,100.0,60.0,120.0
10142,minior-violet,774,3,3,rock,flying,100.0,60.0,60.0,100.0,60.0,120.0
10143,mimikyu-busted,778,2,7,ghost,fairy,90.0,80.0,55.0,50.0,105.0,96.0
10144,mimikyu-totem-disguised,778,4,28,ghost,fairy,90.0,80.0,55.0,50.0,105.0,96.0
10145,mimikyu-totem-busted,778,4,28,ghost,fairy,90.0,80.0,55.0,50.0,105.0,96.0
10146,kommo-o-totem,784,24,2075,dragon,fighting,110.0,125.0,75.0,100.0,105.0,85.0
10147,magearna-original,801,10,805,steel,fairy,95.0,115.0,80.0,130.0,115.0,65.0
10148,pikachu-partner-cap,25,4,60,electric,,55.0,40.0,35.0,50.0,50.0,90.0
10149,marowak-totem,105,17,980,fire,ghost,80.0,110.0,60.0,50.0,80.0,45.0
10150,ribombee-totem,743,4,20,bug,fairy,55.0,60.0,60.0,95.0,70.0,124.0
10151,rockruff-own-tempo,744,5,92,rock,,65.0,40.0,45.0,30.0,40.0,60.0
10152,lycanroc-dusk,745,8,250,rock,,117.0,65.0,75.0,55.0,65.0,110.0
10153,araquanid-totem,752,31,2175,water,bug,70.0,92.0,68.0,50.0,132.0,42.0
10154,togedemaru-totem,777,6,130,electric,steel,98.0,63.0,65.0,40.0,73.0,96.0
10155,necrozma-dusk,800,38,4600,psychic,steel,157.0,127.0,97.0,113.0,109.0,77.0
10156,necrozma-dawn,800,42,3500,psychic,ghost,113.0,109.0,97.0,157.0,127.0,77.0
10157,necrozma-ultra,800,75,2300,psychic,dragon,167.0,97.0,97.0,167.0,97.0,129.0
10158,pikachu-starter,25,4,60,electric,,80.0,50.0,45.0,75.0,60.0,120.0
10159,eevee-starter,133,3,65,normal,,75.0,70.0,65.0,65.0,85.0,75.0
10160,pikachu-world-cap,25,4,60,electric,,55.0,40.0,35.0,50.0,50.0,90.0
10161,meowth-galar,52,4,75,steel,,65.0,55.0,50.0,40.0,40.0,40.0
10162,ponyta-galar,77,8,240,psychic,,85.0,55.0,50.0,65.0,65.0,90.0
10163,rapidash-galar,78,17,800,psychic,fairy,100.0,70.0,65.0,80.0,80.0,105.0
10164,slowpoke-galar,79,12,360,psychic,,65.0,65.0,90.0,40.0,40.0,15.0
10165,slowbro-galar,80,16,705,poison,psychic,100.0,95.0,95.0,100.0,70.0,30.0
10166,farfetchd-galar,83,8,420,fighting,,95.0,55.0,52.0,58.0,62.0,55.0
10167,weezing-galar,110,30,160,poison,fairy,90.0,120.0,65.0,85.0,70.0,60.0
10168,mr-mime-galar,122,14,568,ice,psychic,65.0,65.0,50.0,90.0,90.0,100.0
10169,articuno-galar,144,17,509,psychic,flying,85.0,85.0,90.0,125.0,100.0,95.0
10170,zapdos-galar,145,16,582,fighting,flying,125.0,90.0,90.0,85.0,90.0,100.0
10171,moltres-galar,146,20,660,dark,flying,85.0,90.0,90.0,100.0,125.0,90.0
10172,slowking-galar,199,18,795,poison,psychic,65.0,80.0,95.0,110.0,110.0,30.0
10173,corsola-galar,222,6,5,ghost,,55.0,100.0,60.0,65.0,100.0,30.0
10174,zigzagoon-galar,263,4,175,dark,normal,30.0,41.0,38.0,30.0,41.0,60.0
10175,linoone-galar,264,5,325,dark,normal,70.0,61.0,78.0,50.0,61.0,100.0
10176,darumaka-galar,554,7,400,ice,,90.0,45.0,70.0,15.0,45.0,50.0
10177,darmanitan-galar-standard,555,17,1200,ice,,140.0,55.0,105.0,30.0,55.0,95.0
10178,darmanitan-galar-zen,555,17,1200,ice,fire,160.0,55.0,105.0,30.0,55.0,135.0
10179,yamask-galar,562,5,15,ground,ghost,55.0,85.0,38.0,30.0,65.0,30.0
10180,stunfisk-galar,618,7,205,ground,steel,81.0,99.0,109.0,66.0,84.0,32.0
10181,zygarde-10,718,12,335,dragon,ground,100.0,71.0,54.0,61.0,85.0,115.0
10182,cramorant-gulping,845,8,180,flying,water,85.0,55.0,70.0,85.0,95.0,85.0
10183,cramorant-gorging,845,8,180,flying,water,85.0,55.0,70.0,85.0,95.0,85.0
10184,toxtricity-low-key,849,16,400,electric,poison,98.0,70.0,75.0,114.0,70.0,75.0
10185,eiscue-noice,875,14,890,ice,,80.0,70.0,75.0,65.0,50.0,130.0
10186,indeedee-female,876,9,280,psychic,normal,55.0,65.0,70.0,95.0,105.0,85.0
10187,morpeko-hangry,877,3,30,electric,dark,95.0,58.0,58.0,70.0,58.0,97.0
10188,zacian-crowned,888,28,3550,fairy,steel,150.0,115.0,92.0,80.0,115.0,148.0
10189,zamazenta-crowned,889,29,7850,fighting,steel,120.0,140.0,92.0,80.0,140.0,128.0
10190,eternatus-eternamax,890,1000,0,poison,dragon,115.0,250.0,255.0,125.0,250.0,130.0
10191,urshifu-rapid-strike,892,19,1050,fighting,water,130.0,100.0,100.0,63.0,60.0,97.0
10192,zarude-dada,893,18,700,dark,grass,120.0,105.0,105.0,70.0,95.0,105.0
10193,calyrex-ice,898,24,8091,psychic,ice,165.0,150.0,100.0,85.0,130.0,50.0
10194,calyrex-shadow,898,24,536,psychic,ghost,85.0,80.0,100.0,165.0,100.0,150.0
